"","Subject","Treatment","Sex","Gonad","Scorer","SniffAnoDur","SniffHeadDur","DigDur","ActiveHDur","InactiveDur","GroomDur","AvoidDur","SubDur","DefenseDur","OpenAggDur","RitAggDur","ActiveVDur","ApproachDur","StereoDur","DomDur","SniffBodyDur","InactiveTogetherDur","FollowDur","StretchEv","SniffAnoEv","SniffHeadEv","DigEv","ActiveHEv","InactiveEv","GroomEv","AvoidEv","AttackDelEv","SubEv","AttackRecEv","DefenseEv","OpenAggEv","RitAggEv","ActiveVEv","ApproachEv","StereoEv","DomEv","SniffBodyEv","InactiveTogetherEv","FollowEv","TotalActivityOccur","TotalActivityDuration","TotalSocialOccur","TotalSocialDuration","AgonisticDeliveredOccur","AgonisticDeliveredDuration","AgonisticReceivedOccur","AgonisticReceivedDuration","AgonisticTotalOccur","AgonisticTotalDuration","DominanceScoreOccur","DominanceScoreDuration","SocialInvestigationOccur","SocialInvestigationDuration","NonSocialOccur","NonSocialDuration","NonSocialLocomotorOccur","NonSocialLocomotorDuration","InactiveNonSocialOccur","InactiveNonSocialDuration"
"1"," E28-02F","C","F","PRE","Anthony",23508,64322,0,316473,426824,529052,0,12311,0,0,0,128590,0,0,206107,28297,63721,0,0,6,10,0,73,15,29,0,0,1,0,0,0,0,41,0,0,13,8,1,0,152,779608,39,398266,13,206107,1,12311,14,218418,12,193796,24,116127,158,1400939,114,445063,44,955876
"2"," E28-03F","C","F","PRE","Anthony",85577,32878,0,333795,409229,480753,0,23132,0,0,0,134061,0,0,34856,265087,0,0,0,19,8,0,90,27,31,0,0,7,0,0,0,0,41,0,0,10,56,0,0,231,909386,100,441530,10,34856,7,23132,17,57988,3,11724,83,383542,189,1357838,131,467856,58,889982
"3"," E28-04F","C","F","PRE","Anthony",1864,13933,0,140007,1072937,381568,0,0,0,0,0,113260,0,0,36304,38714,0,0,0,2,3,0,58,5,17,0,0,0,0,0,0,0,40,0,0,4,10,0,0,117,344082,19,90815,4,36304,0,0,4,36304,4,36304,15,54511,120,1707772,98,253267,22,1454505
"4"," E31-03F","C","F","PRE","Anthony",50058,35973,0,191424,628932,292495,0,22854,0,0,0,21585,0,0,198569,237461,119845,0,0,28,8,0,81,5,22,0,0,4,0,0,0,0,12,0,0,17,75,3,0,225,757924,135,664760,17,198569,4,22854,21,221423,13,175715,111,323492,120,1134436,93,213009,27,921427
"5"," E31-04M","C","M","PRE","Anthony",0,8098,57288,492872,235362,306119,0,19369,0,499527,116884,55017,0,745,1346,3751,0,2112,0,0,3,4,94,26,27,0,18,2,0,0,85,56,19,0,1,1,5,0,2,290,1257009,172,651087,21,3458,2,19369,23,22827,19,-15911,8,11849,171,1147403,117,605177,53,541481
"6"," E31-06M","C","M","PRE","Anthony",14193,26107,0,205645,771018,689333,0,0,0,0,0,17213,0,0,24346,51409,0,0,0,7,6,0,42,11,30,0,0,0,0,0,0,0,11,0,0,3,22,0,0,91,338913,38,116055,3,24346,0,0,3,24346,3,24346,35,91709,94,1683209,53,222858,41,1460351
"7"," E32-01M","C","M","PRE","Anthony",13080,35501,0,184250,698602,267369,0,81071,0,0,0,39558,0,0,97377,88645,293883,0,0,7,7,0,52,15,24,0,0,4,0,0,0,0,17,0,0,12,23,1,0,122,539482,54,609557,12,97377,4,81071,16,178448,8,16306,37,137226,108,1189779,69,223808,39,965971
"8"," E32-02M","C","M","PRE","Anthony",77898,130282,0,673946,61397,343708,127519,15138,72321,8697,11034,139050,0,0,48812,86942,0,2584,0,11,24,0,128,9,21,38,0,8,51,20,6,7,41,0,0,11,16,0,1,362,1394223,193,581227,12,51396,117,214978,129,266374,-105,-163582,51,295122,199,1218101,169,812996,30,405105
"9"," E33-01F","C","F","PRE","Anthony",76765,20713,41386,275947,418601,325937,15,1633,0,0,0,123187,325,0,144202,134431,236300,0,8,31,4,9,92,22,22,2,6,1,0,0,0,0,32,6,0,6,45,1,0,242,818604,110,614384,12,144202,3,1648,15,145850,9,142554,94,232234,177,1185058,133,440520,44,744538
"10"," E33-02F","C","F","PRE","Anthony",26919,34953,13959,479161,353699,515996,0,7928,0,0,0,160620,0,0,162231,44133,0,0,0,10,7,3,160,12,26,0,0,2,0,0,0,0,104,0,0,25,25,0,0,336,929904,69,276164,25,162231,2,7928,27,170159,23,154303,42,106005,305,1523435,267,653740,38,869695
"11"," E33-04M","C","M","PRE","Anthony",98354,36314,3038,487820,326076,164718,0,72231,0,34434,13906,325483,0,0,76926,159687,0,0,0,36,11,2,175,12,27,0,6,9,0,0,8,8,94,0,0,15,48,0,0,412,1308193,141,491852,21,76926,9,72231,30,149157,12,4695,95,294355,310,1307135,271,816341,39,490794
"12"," E33-05M","C","M","PRE","Anthony",43979,54299,0,275386,290277,205656,0,2000,0,0,0,46951,0,0,47181,118416,715740,0,0,25,7,0,90,7,17,0,0,3,0,0,0,0,31,0,0,3,36,2,0,195,588212,76,981615,3,47181,3,2000,6,49181,0,45181,68,216694,145,818270,121,322337,24,495933
"13"," E33-06M","C","M","PRE","Anthony",73269,66144,0,388001,228389,365641,0,62718,0,0,0,75442,0,0,209730,330061,0,0,0,30,11,0,136,10,41,0,0,7,0,0,0,0,42,0,0,18,70,0,0,314,1205365,136,741922,18,209730,7,62718,25,272448,11,147012,111,469474,229,1057473,178,463443,51,594030
"14"," E34-01F","C","F","PRE","Anthony",48205,37208,0,131535,328178,76721,0,0,0,0,0,13360,0,0,66551,209403,887686,0,0,22,7,0,45,11,6,0,0,0,0,0,0,0,6,0,0,6,36,2,0,122,506262,73,1249053,6,66551,0,0,6,66551,6,66551,65,294816,68,549794,51,144895,17,404899
"15"," E34-02F","C","F","PRE","Anthony",49604,62532,0,318736,337774,464726,0,1104,0,0,0,42146,0,0,78323,444325,0,0,0,28,11,0,95,21,33,0,0,1,0,0,0,0,28,0,0,9,49,0,0,221,996770,98,635888,9,78323,1,1104,10,79427,8,77219,88,556461,177,1163382,123,360882,54,802500
"16"," E34-03F","C","F","PRE","Anthony",61474,244221,16991,280066,30924,440218,0,104172,0,0,0,151711,0,0,60504,409683,0,0,0,23,33,1,124,11,19,0,0,13,0,0,0,0,67,0,0,10,81,0,0,352,1328822,160,880054,10,60504,13,104172,23,164676,-3,-43668,137,715378,222,919910,192,448768,30,471142
"17"," E34-04F","C","F","PRE","Anthony",24224,120000,5346,491577,506667,119595,1696,19229,0,0,1552,130008,0,0,107949,153116,118921,0,0,8,21,2,112,23,16,1,0,5,0,0,0,1,61,0,0,10,37,2,0,258,1054697,85,546687,10,107949,6,20925,16,128874,4,87024,66,297340,214,1253193,175,626931,39,626262
"18"," E35-01F","C","F","PRE","Anthony",56679,13081,0,254699,178310,574666,0,7305,0,0,0,36547,0,0,222841,108513,347024,0,0,24,6,0,84,7,40,0,0,2,0,0,0,0,28,0,0,15,36,3,0,195,699665,86,755443,15,222841,2,7305,17,230146,13,215536,66,178273,159,1044222,112,291246,47,752976
"19"," E35-02F","C","M","PRE","Anthony",70845,0,0,218004,670496,78894,0,2865,0,0,0,6910,0,0,0,46938,703215,0,0,14,0,0,30,3,9,0,0,2,0,0,0,0,6,0,0,0,17,2,0,69,345562,35,823863,0,0,2,2865,2,2865,-2,-2865,31,117783,48,974304,36,224914,12,749390
"20"," E35-05M","C","M","PRE","Anthony",124841,42236,0,425725,149380,248025,0,24462,0,0,0,268476,0,0,178663,337253,0,0,0,46,9,0,179,15,21,0,0,3,0,0,0,0,96,0,0,18,80,0,0,431,1401656,156,707455,18,178663,3,24462,21,203125,15,154201,135,504330,311,1091606,275,694201,36,397405
"21"," E35-06M","C","M","PRE","Anthony",68080,98406,6558,429950,112050,375475,0,15459,0,0,0,324722,0,0,229444,139636,0,0,0,21,18,1,128,17,20,0,0,6,0,0,0,0,59,0,0,18,45,0,0,296,1312255,108,551025,18,229444,6,15459,24,244903,12,213985,84,306122,225,1248755,188,761230,37,487525
"22"," E36-01F","T","F","PRE","Anthony",18876,46953,0,227223,362911,394089,0,1886,0,0,0,6985,0,0,36851,114506,589142,0,0,11,9,0,47,10,17,0,0,2,0,0,0,0,8,0,0,1,29,2,0,107,453280,54,808214,1,36851,2,1886,3,38737,-1,34965,49,180335,82,991208,55,234208,27,757000
"23"," E36-02F","T","F","PRE","Anthony",1368,20293,0,78026,721644,51784,0,24214,0,0,0,36150,0,0,73922,13306,778548,0,0,1,3,0,24,8,6,0,0,1,0,0,0,0,12,0,0,3,8,1,0,52,247279,17,911651,3,73922,1,24214,4,98136,2,49708,12,34967,50,887604,36,114176,14,773428
"24"," E36-03F","T","F","PRE","Anthony",88378,97828,0,329010,323896,322826,0,48717,0,0,0,327093,0,0,54978,206314,0,0,0,32,17,0,138,24,18,0,0,10,0,0,0,0,78,0,0,7,65,0,0,347,1152318,131,496215,7,54978,10,48717,17,103695,-3,6261,114,392520,258,1302825,216,656103,42,646722
"25"," E36-05M","T","M","PRE","Anthony",22792,249192,119705,465614,124038,265334,0,31924,0,5768,28908,140474,0,0,104276,213178,26137,0,0,14,29,12,126,12,21,0,0,4,0,0,2,7,61,0,0,16,52,1,0,323,1381831,125,682175,16,104276,4,31924,20,136200,12,72352,95,485162,232,1115165,199,725793,33,389372
"26"," E36-06M","T","M","PRE","Anthony",93110,44763,0,255031,508976,445808,0,18024,0,0,0,19645,0,0,228112,183136,0,1688,0,47,12,0,95,11,14,0,3,5,0,0,0,0,13,0,0,30,75,0,1,281,843509,173,568833,34,229800,5,18024,39,247824,29,211776,134,321009,133,1229460,108,274676,25,954784
"27"," E38-01F","T","F","PRE","Anthony",48491,55167,21628,408005,120594,474785,0,35965,0,0,0,423813,0,0,72320,138600,0,0,0,27,17,5,151,18,21,0,0,11,0,0,0,0,93,0,0,13,46,0,0,363,1203989,114,350543,13,72320,11,35965,24,108285,2,36355,90,242258,288,1448825,249,853446,39,595379
"28"," E38-02F","T","F","PRE","Anthony",14330,46260,751,235310,931522,342090,0,19564,0,0,0,65350,0,0,93641,50865,0,0,0,8,9,1,80,12,14,0,0,4,0,0,0,0,44,0,0,14,18,0,0,178,526071,53,224660,14,93641,4,19564,18,113205,10,74077,35,111455,151,1575023,125,301411,26,1273612
"29"," E38-03F","T","F","PRE","Anthony",26103,74013,0,211809,30352,318649,0,13185,0,0,0,69620,0,0,50551,266379,738288,0,0,19,14,0,85,7,25,0,0,3,0,0,0,0,36,0,0,9,58,1,0,224,711660,104,1168519,9,50551,3,13185,12,63736,6,37366,91,366495,153,630430,121,281429,32,349001
"30"," E38-04F","T","F","PRE","Anthony",73375,14577,37467,531094,88860,371040,0,115737,0,0,0,302854,0,0,93035,171567,0,0,0,25,5,6,173,6,33,0,0,12,0,0,0,0,105,0,0,9,62,0,0,397,1339706,113,468291,9,93035,12,115737,21,208772,-3,-22702,92,259519,323,1331315,284,871415,39,459900
"31"," E38-05M","T","M","PRE","Anthony",13362,5808,13427,276760,658457,519662,0,0,0,0,0,101777,0,0,136467,46605,27145,0,0,3,1,4,75,6,27,0,0,0,0,0,0,0,44,0,0,18,12,1,0,157,594206,35,229387,18,136467,0,0,18,136467,18,136467,16,65775,156,1570083,123,391964,33,1178119
"32"," E38-06M","T","M","PRE","Anthony",21579,45528,67609,427259,130621,416716,0,61877,256,22820,5477,126165,0,0,147392,326497,0,0,0,14,17,2,143,11,29,0,1,5,0,1,6,5,72,0,0,15,59,0,0,340,1252459,123,631426,16,147392,6,62133,22,209525,10,85259,90,393604,257,1168370,217,621033,40,547337
"33"," E39-01F","T","F","PRE","Anthony",31623,2050,0,111491,994783,472203,0,7096,0,0,0,39755,0,0,78991,61115,0,0,0,14,1,0,43,7,15,0,0,2,0,0,0,0,23,0,0,5,18,0,0,106,332121,40,180875,5,78991,2,7096,7,86087,3,71895,33,94788,88,1618232,66,151246,22,1466986
"34"," E39-02F","T","F","PRE","Anthony",26100,6321,0,101941,810072,282337,0,62125,0,0,0,35954,0,0,115030,177864,181008,0,0,4,2,0,23,10,14,0,0,6,0,0,0,0,17,0,0,8,18,1,0,78,525335,39,568448,8,115030,6,62125,14,177155,2,52905,24,210285,64,1230304,40,137895,24,1092409
"35"," E39-03F","T","F","PRE","Anthony",79802,28711,0,338345,685165,123829,0,7828,0,0,0,19053,0,0,6403,197270,312568,0,0,35,6,0,78,18,11,0,0,3,0,0,0,0,9,0,0,1,47,1,0,179,677412,93,632582,1,6403,3,7828,4,14231,-2,-1425,88,305783,116,1166392,87,357398,29,808994
"36"," E39-05M","T","M","PRE","Anthony",44590,52868,0,217312,555056,665307,0,4031,0,0,0,29911,0,0,76843,116152,37102,0,0,16,7,0,59,7,23,0,0,3,0,0,0,0,13,0,0,3,31,1,0,132,541707,61,331586,3,76843,3,4031,6,80874,0,72812,54,213610,102,1467586,72,247223,30,1220363
"37"," E39-06M","T","M","PRE","Anthony",119235,26779,0,612760,100106,343470,0,17215,0,94961,9954,181614,0,0,30816,261171,0,927,0,35,13,0,155,9,31,0,2,5,0,0,11,7,61,0,0,12,60,0,1,362,1355432,146,561058,15,31743,5,17215,20,48958,10,14528,108,407185,256,1237950,216,794374,40,443576
"38"," E40-01F","T","F","PRE","Anthony",0,0,0,0,1799643,0,0,0,0,0,0,0,0,0,0,0,0,0,0,0,0,0,0,1,0,0,0,0,0,0,0,0,0,0,0,0,0,0,0,0,0,0,0,0,0,0,0,0,0,0,0,0,0,1,1799643,0,0,1,1799643
"39"," E41-01F","T","F","PRE","Anthony",23993,118460,0,121837,687147,461718,0,0,0,0,0,72831,0,0,146687,165031,0,0,0,10,8,0,35,14,13,0,0,0,0,0,0,0,10,0,0,8,21,0,0,92,648839,47,454171,8,146687,0,0,8,146687,8,146687,39,307484,72,1343533,45,194668,27,1148865
"40"," E41-02F","T","F","PRE","Anthony",15674,9795,0,577186,640532,296062,0,936,0,0,0,100253,0,0,43497,113392,0,0,0,9,6,0,82,15,21,0,0,1,0,0,0,0,43,0,0,7,19,0,0,167,860733,42,183294,7,43497,1,936,8,44433,6,42561,34,138861,161,1614033,125,677439,36,936594
"41"," E41-03f","T","F","PRE","Anthony",34470,16888,726,315447,500874,221515,0,13793,0,0,0,98834,0,0,214211,382505,0,0,0,24,8,1,100,14,11,0,0,3,0,0,0,0,34,0,0,15,69,0,0,254,1076874,119,661867,15,214211,3,13793,18,228004,12,200418,101,433863,160,1137396,135,415007,25,722389
"42"," E41-04M","T","M","PRE","Anthony",102431,102806,0,441104,359700,326181,0,8568,0,0,0,82660,0,0,112605,263571,0,0,0,28,16,0,98,21,24,0,0,4,0,0,0,0,26,0,0,4,59,0,0,235,1113745,111,589981,4,112605,4,8568,8,121173,0,104037,103,468808,169,1209645,124,523764,45,685881
"43"," E41-05M","T","M","PRE","Anthony",23017,39887,0,396624,529637,284489,0,77434,6872,6576,32030,121983,0,0,1272,242763,37247,0,0,12,9,0,87,21,17,0,0,10,0,3,4,10,27,0,0,2,46,1,0,210,948458,97,467098,2,1272,13,84306,15,85578,-11,-83034,67,305667,152,1332733,114,518607,38,814126
"44"," 42-02F","T","F","PRE","Anthony",4799,15932,13132,429827,526730,477116,0,90464,0,0,0,144040,0,0,0,97255,0,0,0,4,4,2,108,11,28,0,0,8,0,0,0,0,62,0,0,0,24,0,0,212,795449,40,208450,0,0,8,90464,8,90464,-8,-90464,32,117986,211,1590845,172,586999,39,1003846
"45"," 42-03M","T","M","PRE","Anthony",50308,46761,1632,198385,790735,182549,0,0,0,0,0,121543,1039,0,324831,81526,0,0,0,21,10,1,66,18,13,0,0,0,0,0,0,0,24,1,0,19,38,0,0,180,826025,89,504465,19,324831,0,0,19,324831,19,324831,70,179634,122,1294844,91,321560,31,973284
"46"," 42-04M","T","M","PRE","Anthony",53349,65800,0,123366,1149376,62699,0,0,0,0,0,39215,0,0,196888,68813,39573,0,0,20,19,0,47,11,6,0,0,0,0,0,0,0,17,0,0,16,23,1,0,142,547431,79,424423,16,196888,0,0,16,196888,16,196888,62,187962,81,1374656,64,162581,17,1212075
"47"," 42-05M","T","M","PRE","Anthony",34216,28358,11653,344101,545436,94563,0,72357,0,0,0,108306,0,0,70000,76568,413577,0,0,14,8,2,85,14,12,0,0,4,0,0,0,0,51,0,0,5,20,1,0,189,745559,52,695076,5,70000,4,72357,9,142357,1,-2357,42,139142,164,1104059,138,464060,26,639999
"48"," 42-06M","T","M","PRE","Anthony",21217,16581,0,178877,571795,429506,0,2159,0,0,0,30786,0,0,236328,102226,209648,0,0,9,2,0,52,11,15,0,0,1,0,0,0,0,10,0,0,11,39,4,0,124,588174,66,588159,11,236328,1,2159,12,238487,10,234169,50,140024,88,1210964,62,209663,26,1001301
"49"," E43-01M","T","M","PRE","Anthony",76505,37279,0,375587,258383,719931,0,3672,0,0,0,73847,0,0,115784,138521,0,0,0,17,7,0,71,14,24,0,0,2,0,0,0,0,27,0,0,8,28,0,0,160,821195,62,371761,8,115784,2,3672,10,119456,6,112112,52,252305,136,1427748,98,449434,38,978314
"50"," E43-03M","T","M","PRE","Anthony",117630,108174,37086,368022,423037,285058,0,0,0,0,0,80338,0,0,166586,213931,0,0,0,34,18,5,92,10,18,0,0,0,0,0,0,0,47,0,0,21,45,0,0,262,1091767,118,606321,21,166586,0,0,21,166586,21,166586,97,439735,172,1193541,144,485446,28,708095
"51"," E43-04M","T","M","PRE","Anthony",11212,9132,0,150158,192576,381516,0,34309,27118,102038,49759,4951,0,2672,6358,125804,697310,4748,0,2,2,0,39,17,9,0,2,4,12,10,26,18,5,0,2,2,20,2,1,145,528259,101,1067788,5,11106,26,61427,31,72533,-21,-50321,24,146148,72,731873,44,155109,26,574092
"52"," E43-05M","T","M","PRE","Anthony",75261,17301,0,214616,698904,350906,0,12330,0,0,0,101068,0,0,230907,96017,0,0,0,18,6,0,65,8,17,0,0,4,0,0,0,0,27,0,0,16,30,0,0,166,747500,74,431816,16,230907,4,12330,20,243237,12,218577,54,188579,117,1365494,92,315684,25,1049810
"53"," E43-06F","T","F","PRE","Anthony",37994,88844,0,321919,831893,207802,344,0,0,0,0,5591,0,0,41299,263561,0,0,0,21,13,0,68,19,13,1,0,0,0,0,0,0,5,0,0,5,49,0,0,162,759552,89,432042,5,41299,1,344,6,41643,4,40955,83,390399,105,1367205,73,327510,32,1039695
"54"," E10-02F","C","F","PRE","Colin",37946,348935,0,260999,21545,254988,41821,20612,0,0,15692,540575,0,0,7857,249030,0,0,2,23,63,0,156,5,31,25,0,7,41,0,0,3,140,0,0,3,72,0,0,535,1523467,239,721893,3,7857,73,62433,76,70290,-70,-54576,160,635911,332,1078107,296,801574,36,276533
"55"," E1-01","T","M","PRE","Colin",25207,141874,0,210575,14932,744502,14930,207474,1767,105393,83161,103950,0,0,36289,101723,3303,4920,1,8,27,0,62,6,47,5,3,8,11,1,13,14,30,0,0,7,35,1,1,226,1037263,135,726041,11,41209,25,224171,36,265380,-14,-182962,71,268804,145,1073959,92,314525,53,759434
"56"," E10-10F","C","F","PRE","Colin",45502,189504,0,146588,13064,330146,0,97941,0,0,0,25866,0,0,17598,243817,689974,0,0,31,39,0,69,5,46,0,0,7,0,0,0,0,15,0,0,7,73,3,0,241,766816,160,1284336,7,17598,7,97941,14,115539,0,-80343,143,478823,135,515664,84,172454,51,343210
"57"," E10-13M","C","M","PRE","Colin",97035,275698,3594,202330,2629,709091,0,9097,0,0,2650,232428,0,0,61205,202771,0,1472,0,38,80,2,115,1,51,0,1,2,1,0,0,1,63,0,0,13,88,0,1,405,1088280,225,649928,15,62677,3,9097,18,71774,12,53580,206,575504,232,1150072,180,438352,52,711720
"58"," E1-02","T","M","PRE","Colin",53293,141524,0,91443,28968,687648,7407,308871,80672,3328,121503,36255,0,0,8,197416,36101,5463,3,12,28,0,36,6,30,3,2,19,66,14,1,15,15,0,0,1,38,3,3,256,1047183,208,955586,6,5471,102,396950,108,402421,-96,-391479,81,392233,87,844314,51,127698,36,716616
"59"," E1-04","T","M","PRE","Colin",121237,154567,9991,229960,0,956678,0,0,0,0,0,79567,0,1042,137163,107086,2709,0,0,33,53,3,109,0,78,0,0,0,1,0,0,0,37,0,1,10,48,1,0,295,840613,146,522762,10,137163,1,0,11,137163,9,137163,134,382890,228,1277238,149,319518,78,956678
"60"," E1-05","T","F","PRE","Colin",116278,215792,13074,185712,16238,750728,0,17181,0,0,0,223625,0,0,44863,185351,20493,10665,1,33,51,8,75,1,45,0,0,4,0,0,0,0,55,0,0,8,60,5,8,303,1012541,170,610623,16,55528,4,17181,20,72709,12,38347,145,517421,184,1189377,138,422411,46,766966
"61"," E11-03F","C","F","PRE","Colin",67365,191822,0,122482,4789,663227,0,153544,0,0,0,260229,0,0,0,163206,167065,6271,0,25,43,0,92,2,28,0,0,16,0,0,0,0,74,0,0,0,56,10,1,307,964919,151,749273,1,6271,16,153544,17,159815,-15,-147273,124,422393,196,1050727,166,382711,30,668016
"62"," E11-03M","C","M","PRE","Colin",43881,133549,0,79375,342447,896778,0,31084,0,0,0,13613,0,0,65865,46723,146685,0,0,11,29,0,40,15,25,0,0,2,0,0,0,0,12,0,0,4,20,2,0,118,414090,68,467787,4,65865,2,31084,6,96949,2,34781,60,224153,92,1332213,52,92988,40,1239225
"63"," E11-13F","C","F","PRE","Colin",93429,135805,0,116865,185405,492055,13898,316313,0,0,2413,48860,0,0,0,167874,223795,3288,8,23,37,0,43,22,33,5,1,26,6,0,0,1,17,0,0,0,47,12,1,215,898745,167,956815,2,3288,37,330211,39,333499,-35,-326923,115,397108,115,843185,60,165725,55,677460
"64"," E12-08M","T","M","PRE","Colin",130601,312557,0,178216,77414,461696,5949,63157,24037,776,121075,145078,0,0,33643,211976,29700,4125,1,37,58,0,104,22,48,6,0,6,32,12,1,36,55,0,0,6,72,2,2,428,1231190,271,937596,8,37768,56,93143,64,130911,-48,-55375,168,655134,229,862404,159,323294,70,539110
"65"," E12-10F","T","F","PRE","Colin",274459,25193,0,305390,0,567602,0,4411,400,0,0,260115,0,0,633,336407,13797,11593,1,116,25,0,228,0,78,0,0,2,0,1,0,0,107,0,0,1,139,4,15,635,1218601,304,666893,16,12226,3,4811,19,17037,13,7415,281,636059,413,1133107,335,565505,78,567602
"66"," E12-12F","T","F","PRE","Colin",116165,314710,0,254367,5517,192537,8,74473,0,0,0,262095,0,17715,0,390486,168779,3148,0,60,76,0,188,3,37,1,0,10,0,0,0,0,115,0,14,0,132,23,6,602,1433167,308,1067769,6,3148,11,74481,17,77629,-5,-71333,268,821361,357,732231,303,516462,40,198054
"67"," E13-AM","T","M","PRE","Colin",119014,181659,1519,218839,0,296006,0,39349,416,0,0,270186,0,0,144270,279447,244610,4685,0,54,45,1,153,0,43,0,4,10,3,1,0,0,104,0,0,24,92,31,5,496,1259384,269,1013450,33,148955,14,39765,47,188720,19,109190,191,580120,301,786550,258,490544,43,296006
"68"," E13-BF","T","F","PRE","Colin",141391,243727,0,92992,0,241481,0,78223,0,0,0,88133,0,0,73827,399993,437547,2686,0,56,54,0,79,0,22,0,0,11,0,0,0,0,38,0,0,18,109,43,2,367,1120972,293,1377394,20,76513,11,78223,31,154736,9,-1710,219,785111,139,422606,117,181125,22,241481
"69"," E13-BM","T","M","PRE","Colin",254179,94742,0,309118,840,240311,0,43612,0,0,0,146424,0,0,12636,508167,184539,5432,0,147,53,0,234,1,34,0,0,15,0,0,0,0,72,0,0,7,206,9,8,742,1374310,445,1103307,15,18068,15,43612,30,61680,0,-25544,406,857088,341,696693,306,455542,35,241151
"70"," E13-CF","T","F","PRE","Colin",200203,193577,0,195694,920,303595,0,53154,0,0,0,107036,0,0,85953,320249,338979,640,0,78,78,0,119,1,45,0,2,12,0,0,0,0,65,0,0,27,139,39,1,521,1156506,376,1192755,30,86593,12,53154,42,139747,18,33439,295,714029,230,607245,184,302730,46,304515
"71"," E13-DF","T","F","PRE","Colin",126425,165015,0,170563,9094,209243,1375,112214,576,0,1842,196031,0,0,130042,198873,471560,7147,0,54,49,0,135,3,26,1,1,26,0,1,0,2,82,0,0,16,98,35,7,472,1110103,290,1215069,24,137189,28,114165,52,251354,-4,23024,201,490313,246,584931,217,366594,29,218337
"72"," E14-07M","T","M","PRE","Colin",238251,151516,0,326533,0,200645,0,111804,0,0,4465,196743,0,0,42392,428173,86796,12682,0,135,70,0,240,0,39,0,2,12,0,0,0,2,121,0,0,13,195,13,17,807,1512559,459,1076079,32,55074,12,111804,44,166878,20,-56730,400,817940,400,723921,361,523276,39,200645
"73"," E14-09Fa","T","F","PRE","Colin",89657,182258,0,166159,7784,345655,0,91635,0,0,0,86662,0,1075,47787,269234,509799,2295,1,46,58,0,108,1,25,0,0,17,0,0,0,0,58,0,1,13,98,32,2,402,936762,267,1192665,15,50082,17,91635,32,141717,-2,-41553,203,541149,193,607335,166,252821,26,353439
"74"," E15-01F","C","F","PRE","Colin",103788,138102,0,70078,3623,231548,2480,13832,608,0,0,82579,0,0,92503,236725,822198,1936,0,42,30,0,55,1,38,2,0,4,0,1,0,0,33,0,0,14,69,20,2,252,742631,184,1412172,16,94439,7,16920,23,111359,9,77519,141,478615,127,387828,88,152657,39,235171
"75"," E15-02F","C","F","PRE","Colin",85902,135360,0,167249,18778,109365,1322,147117,0,0,0,172211,0,0,34339,135335,792092,930,0,49,43,0,135,5,41,1,0,11,0,0,0,0,81,0,0,6,76,16,1,403,879765,203,1332397,7,35269,12,148439,19,183708,-5,-113170,168,356597,262,467603,216,339460,46,128143
"76"," E15-07M","C","M","PRE","Colin",119938,65775,17723,218307,0,865478,0,11453,0,0,0,365828,0,0,679,113478,19703,1638,0,58,45,7,173,0,92,0,0,4,1,0,0,0,107,0,0,1,74,4,3,473,914819,190,332664,4,2317,5,11453,9,13770,-1,-9136,177,299191,379,1467336,287,601858,92,865478
"77"," E15-09M","C","M","PRE","Colin",100890,238570,2231,212407,610,124766,496,29682,2209,0,26022,444162,0,0,271996,207702,131230,7027,0,50,78,1,213,1,25,1,3,10,1,2,0,10,150,0,0,36,105,12,9,669,1543394,317,1015824,48,279023,14,32387,62,311410,34,246636,233,547162,390,784176,364,658800,26,125376
"78"," E16-05F","T","F","PRE","Colin",62385,72950,0,83660,572507,647416,0,50637,0,0,0,41887,0,0,121087,84427,60526,2518,2,22,24,0,42,11,44,0,0,3,0,0,0,0,20,0,0,20,35,9,3,171,519551,118,454530,23,123605,3,50637,26,174242,20,72968,83,219762,117,1345470,62,125547,55,1219923
"79"," E16-07F","T","F","PRE","Colin",81702,163106,0,103476,31469,462574,14108,168262,8640,18098,84704,40586,0,724,86570,263550,267201,5230,2,32,66,0,67,12,35,11,9,23,35,1,5,29,19,0,1,20,98,17,5,423,1038756,353,1161171,34,91800,70,191010,104,282810,-36,-99210,198,508358,134,638829,86,144062,47,494043
"80"," E16-11F","T","F","PRE","Colin",235484,302191,1817,129898,0,344456,0,30597,0,0,0,226150,0,0,27956,295716,191058,14677,0,77,53,1,113,0,61,0,0,7,0,0,0,0,89,0,0,1,102,7,18,461,1264486,265,1097679,19,42633,7,30597,26,73230,12,12036,232,833391,264,702321,203,357865,61,344456
"81"," E16-12F","T","F","PRE","Colin",100885,225011,0,124305,3504,439189,0,180235,0,0,0,122140,0,0,95378,252758,254308,2287,0,34,46,0,78,2,51,0,0,7,0,0,0,0,59,0,0,6,67,3,3,300,1102999,166,1110862,9,97665,7,180235,16,277900,2,-82570,147,578654,190,689138,137,246445,53,442693
"82"," E16-15M","T","M","PRE","Colin",101789,200312,0,170964,28727,375057,13973,54764,9514,6730,20182,277545,0,0,42616,188178,305894,3755,1,41,47,0,151,10,53,8,1,10,15,3,4,12,94,0,0,9,75,15,5,476,1090322,246,947707,15,46371,36,78251,51,124622,-21,-31880,164,490279,308,852293,245,448509,63,403784
"83"," E17-01M","T","F","PRE","Colin",58071,33127,0,18973,233808,231040,623,226223,0,0,0,6462,0,0,253527,81702,648887,7557,0,27,7,0,11,4,24,1,0,11,0,0,0,0,1,0,0,21,35,13,11,125,686265,126,1309717,32,261084,12,226846,44,487930,20,34238,69,172900,40,490283,12,25435,28,464848
"84"," E17-05F","T","F","PRE","Colin",115863,104323,0,93568,78183,263048,0,18029,0,0,0,39372,0,0,308144,135496,642838,1136,2,42,36,0,53,5,25,0,0,6,0,0,0,0,16,0,0,32,60,11,1,248,815931,190,1325829,33,309280,6,18029,39,327309,27,291251,140,355682,99,474171,69,132940,30,341231
"85"," E17-08F","T","F","PRE","Colin",115744,234144,0,201603,0,506634,0,97028,0,0,0,198426,0,0,144738,284730,9680,7273,1,57,66,0,150,0,61,0,4,12,0,0,0,0,106,0,0,18,97,3,8,519,1283686,266,893337,30,152011,12,97028,42,249039,18,54983,221,634618,317,906663,256,400029,61,506634
"86"," E18-03F","T","F","PRE","Colin",82814,141269,11396,293372,4223,454795,0,165120,0,0,1640,162950,0,2944,0,130433,343099,5945,7,48,62,7,158,3,74,0,0,11,0,0,0,1,81,0,1,0,76,8,6,458,997883,219,870320,6,5945,11,165120,17,171065,-5,-159175,193,354516,324,929680,246,467718,77,459018
"87"," E18-05F","T","F","PRE","Colin",126553,305649,0,110681,21332,361989,1598,152616,0,0,0,65712,0,0,7242,313031,328575,5022,0,49,53,0,77,5,48,3,0,10,0,0,0,0,33,0,0,1,80,7,4,310,1088104,207,1240286,5,12264,13,154214,18,166478,-8,-141950,182,745233,163,559714,110,176393,53,383321
"88"," E18-08M","T","M","PRE","Colin",70845,173591,0,247739,172682,387120,16183,201110,56618,29836,121955,29608,0,0,0,169578,121830,1305,7,28,43,0,87,42,24,14,3,9,87,13,6,28,12,0,0,0,59,5,2,398,1118368,304,962851,5,1305,123,273911,128,275216,-118,-272606,137,414014,165,837149,99,277347,66,559802
"89"," E18-09M","T","M","PRE","Colin",100091,162987,65612,401416,3554,397299,0,105188,511,0,0,185066,0,0,14254,332497,24417,7108,0,43,45,19,144,2,29,0,0,14,0,1,0,0,82,0,0,6,109,7,11,474,1374730,236,747053,17,21362,15,105699,32,127061,2,-84337,197,595575,276,1052947,245,652094,31,400853
"90"," E20-01M","T","M","PRE","Colin",111713,121643,61251,406947,26255,564691,344,785,440,18234,76449,237041,0,0,43056,116857,0,14294,3,44,86,14,254,12,68,1,68,1,11,1,9,38,130,0,0,24,91,0,15,790,1209054,392,503815,107,57350,14,1569,121,58919,93,55781,224,350213,478,1296185,398,705239,80,590946
"91"," E20-02F","T","F","PRE","Colin",329815,74506,0,174556,54932,341433,3769,29926,0,0,0,73527,0,0,105928,269597,324881,17130,0,83,32,0,136,7,43,3,0,6,0,0,0,0,45,0,0,12,75,26,17,409,1078754,254,1155552,29,123058,9,33695,38,156753,20,89363,190,673918,231,644448,181,248083,50,396365
"92"," E20-03F","T","F","PRE","Colin",299827,61364,0,318946,0,425713,0,72293,0,0,1094,179980,0,0,6734,349061,77999,6989,0,123,43,0,220,0,73,0,0,11,1,0,0,1,100,0,0,5,145,15,9,658,1296288,353,875361,14,13723,12,72293,26,86016,2,-58570,311,710252,393,924639,320,498926,73,425713
"93"," E20-04F","T","F","PRE","Colin",178921,49399,0,246723,17833,261645,0,142487,0,0,881,147183,0,0,60499,240739,440181,13314,0,94,48,0,158,3,34,0,0,14,1,0,0,1,98,0,0,9,122,19,13,558,1080146,321,1126421,22,73813,15,142487,37,216300,7,-68674,264,469059,293,673384,256,393906,37,279478
"94"," E20-07F","T","F","PRE","Colin",166863,128585,0,217063,0,185374,0,1585,0,0,0,316803,0,0,88812,133348,0,7380,0,85,38,0,180,0,34,0,0,3,0,0,0,0,110,0,0,13,99,0,9,537,1060439,247,526573,22,96192,3,1585,25,97777,19,94607,222,428796,324,719240,290,533866,34,185374
"95"," E20-09F","T","F","PRE","Colin",259071,161996,3372,208694,18431,249782,408,16124,0,0,0,144398,0,0,45967,492720,181164,17873,0,131,76,1,148,5,44,1,0,3,0,0,0,0,77,0,0,18,194,17,23,672,1350623,463,1175323,41,63840,4,16532,45,80372,37,47308,401,913787,275,624677,226,356464,49,268213
"96"," E2-01","C","M","PRE","Colin",0,21880,0,87774,203235,94401,39152,116279,527941,561662,147676,0,0,0,0,0,0,0,0,0,14,0,10,13,7,26,2,33,157,49,89,56,0,0,0,0,0,0,0,436,1502364,426,1414590,2,0,265,683372,267,683372,-263,-683372,14,21880,30,385410,10,87774,20,297636
"97"," E2-03","C","F","PRE","Colin",99563,318322,9457,367652,2675,426533,0,35176,0,0,0,208451,0,0,56162,273611,0,2398,0,41,63,2,178,1,52,0,2,5,0,0,0,0,111,0,0,11,85,0,2,500,1370792,209,785232,15,58560,5,35176,20,93736,10,23384,189,691496,344,1014768,291,585560,53,429208
"98"," E2-04","C","M","PRE","Colin",115710,67577,0,284985,157896,501570,7508,104680,77167,17666,142415,61309,0,0,11965,242144,7408,0,10,55,51,0,118,49,70,6,1,23,46,24,7,20,40,0,0,3,84,1,0,488,1133126,331,794240,4,11965,99,189355,103,201320,-95,-177390,200,425431,277,1005760,158,346294,119,659466
"99"," E21-02F","C","F","PRE","Colin",110555,141902,0,236394,3176,230634,0,37612,856,0,0,189756,0,0,199416,340040,295927,13732,1,44,51,0,166,1,45,0,0,2,0,1,0,0,93,0,0,18,103,26,12,491,1270263,258,1140040,30,213148,3,38468,33,251616,27,174680,199,592497,305,659960,259,426150,46,233810
"100"," E21-03M","C","M","PRE","Colin",110119,161933,0,178621,7871,270132,0,57272,0,0,0,169607,0,0,77480,176517,580007,10441,2,49,39,0,109,2,18,0,0,2,0,0,0,0,63,0,0,12,65,15,11,352,941990,195,1173769,23,87921,2,57272,25,145193,21,30649,155,448569,192,626231,172,348228,20,278003
"101"," E21-05F","C","F","PRE","Colin",110610,294272,0,221818,40910,479117,0,126426,530,0,0,111834,0,0,86098,239270,82191,6924,1,49,63,0,126,15,38,0,0,12,0,1,0,0,57,0,0,21,87,12,8,425,1197782,254,946321,29,93022,13,126956,42,219978,16,-33934,200,644152,236,853679,183,333652,53,520027
"102"," E21-07M","C","M","PRE","Colin",171998,177634,0,255900,0,595832,0,66119,0,0,0,228497,0,0,138912,155821,1231,8056,4,66,43,0,178,0,72,0,0,6,0,0,0,0,92,0,0,25,75,1,13,502,1202937,233,719771,38,146968,6,66119,44,213087,32,80849,188,505453,342,1080229,270,484397,72,595832
"103"," E21-08F","C","F","PRE","Colin",159255,261379,0,220897,3572,191961,731,86218,0,0,7362,290577,0,0,161511,315373,96810,4354,0,89,84,0,199,4,31,1,0,14,2,0,0,6,162,0,0,32,158,12,8,755,1507657,406,1092993,40,165865,17,86949,57,252814,23,78916,331,736007,396,707007,361,511474,35,195533
"104"," E21-09M","C","M","PRE","Colin",277887,128191,0,334053,3761,311753,537,0,1912,0,0,288362,0,0,78939,212774,154908,6923,1,84,57,0,257,2,80,1,0,0,0,1,0,0,154,0,0,13,125,5,10,703,1329578,297,862071,23,85862,2,2449,25,88311,21,83413,267,618852,493,937929,411,622415,82,315514
"105"," E22-02F","T","F","PRE","Colin",116574,258201,0,352036,1407,413458,1564,37132,0,0,0,135654,0,0,21106,445403,0,17465,0,73,74,0,186,2,52,2,0,5,1,0,0,0,69,0,0,2,161,0,16,589,1385135,334,897445,18,38571,8,38696,26,77267,10,-125,308,820178,309,902555,255,487690,54,414865
"106"," E22-03M","T","M","PRE","Colin",236707,233855,0,262134,0,137581,2625,75725,0,0,4183,224725,0,0,227955,286441,101498,6571,1,98,42,0,199,0,24,1,0,7,0,0,0,4,136,0,0,8,115,7,13,624,1560921,296,1175560,21,234526,8,78350,29,312876,13,156176,256,757003,359,624440,335,486859,24,137581
"107"," E22-06M","T","M","PRE","Colin",154861,222909,0,290905,4655,359069,0,15667,486,0,2532,238174,0,0,153326,320298,25551,11567,0,79,76,0,229,1,39,0,9,4,0,1,0,2,162,0,0,50,164,3,11,787,1410725,399,907197,70,164893,5,16153,75,181046,65,148740,319,698068,431,892803,391,529079,40,363724
"108"," E22-07M","T","M","PRE","Colin",193708,145925,0,230875,0,204969,0,22912,0,0,26514,378612,0,0,340578,199390,48192,8325,0,71,46,0,198,0,26,0,4,8,1,0,0,9,156,0,0,60,117,2,14,684,1546839,332,985544,78,348903,9,22912,87,371815,69,325991,234,539023,380,814456,354,609487,26,204969
"109"," E22-14F","T","F","PRE","Colin",156860,130230,0,333385,2449,406315,0,117556,0,0,0,211014,0,0,18532,263482,154722,5455,0,62,50,0,193,1,61,0,0,13,0,0,0,0,105,0,0,5,97,12,10,535,1236514,249,846837,15,23987,13,117556,28,141543,2,-93569,209,550572,360,953163,298,544399,62,408764
"110"," E24-06M","T","M","PRE","Colin",33892,105589,0,126449,5094,536230,7269,185427,20518,0,48011,104915,0,0,49389,211677,360903,4637,0,19,46,0,78,3,40,5,3,21,23,4,0,11,49,0,0,16,70,37,3,348,897773,258,1027312,22,54026,53,213214,75,267240,-31,-159188,135,351158,170,772688,127,231364,43,541324
"111"," E24-07M","T","M","PRE","Colin",11689,167022,0,149139,394180,810117,0,0,0,79517,12787,65496,0,0,2559,74363,31081,1581,1,9,23,0,64,18,27,0,5,0,1,0,10,5,23,0,0,2,25,4,1,169,564153,86,380599,8,4140,1,0,9,4140,7,4140,58,253074,132,1418932,87,214635,45,1204297
"112"," E24-10F","T","F","PRE","Colin",146967,66319,4682,284003,1000,678389,0,47167,887,0,345,303421,0,297,1399,224777,23654,16693,0,66,38,3,183,1,82,0,0,4,1,1,0,1,117,0,1,1,98,3,22,536,1096957,235,528208,23,18092,6,48054,29,66146,17,-29962,202,438063,387,1271792,303,592106,83,679389
"113"," E24-13M","T","M","PRE","Colin",166886,117771,0,236480,18639,309899,2148,114449,984,0,0,282982,0,0,84470,375618,83351,6323,3,82,84,0,187,10,44,3,3,17,3,1,0,0,95,0,0,30,176,5,5,689,1388111,412,952000,38,90793,24,117581,62,208374,14,-26788,345,660275,336,848000,282,519462,54,328538
"114"," E24-14F","T","F","PRE","Colin",113934,164312,5755,289900,8852,317566,0,25095,0,0,0,491285,0,11038,28973,237085,99672,6533,1,70,47,5,234,4,36,0,0,3,0,0,0,0,209,0,6,8,119,23,11,713,1373910,282,675604,19,35506,3,25095,22,60601,16,10411,237,515331,494,1124396,448,786940,40,326418
"115"," E24-15M","T","M","PRE","Colin",116608,188241,0,201050,6990,610993,391,0,688,72534,100809,144425,0,0,76452,235528,27307,17984,1,37,49,0,127,1,35,1,76,0,7,1,19,26,69,0,0,30,85,6,8,536,1154710,346,836542,114,94436,9,1079,123,95515,105,93357,172,540377,232,963458,196,345475,36,617983
"116"," E25-02F","T","F","PRE","Colin",184216,266884,0,262011,23449,403040,1059,52998,0,0,2684,152869,0,3365,10669,381560,40288,14908,1,116,114,0,204,16,51,1,0,18,1,0,0,2,100,0,3,9,214,9,19,802,1333223,504,955266,28,25577,20,54057,48,79634,8,-28480,445,832660,374,844734,304,414880,67,426489
"117"," E25-04F","T","F","PRE","Colin",127825,220273,0,115606,0,381737,585,10791,0,0,0,95874,0,2536,87117,508000,240295,9361,0,50,33,0,82,0,47,1,1,5,0,0,0,0,46,0,2,17,95,14,15,347,1177968,231,1204247,33,96478,6,11376,39,107854,27,85102,178,856098,177,595753,128,211480,47,381737
"118"," E25-05M","T","M","PRE","Colin",123714,92241,0,189233,8099,667625,0,0,0,0,0,249393,0,0,28801,358087,74032,8775,0,49,26,0,155,4,42,0,0,0,0,0,0,0,98,0,0,4,85,4,6,423,1050244,174,685650,10,37576,0,0,10,37576,10,37576,160,574042,299,1114350,253,438626,46,675724
"119"," E25-06M","T","M","PRE","Colin",108533,226431,0,101966,3621,261244,0,519,0,0,0,52128,0,0,81514,269836,690061,4147,0,36,34,0,65,2,27,0,13,1,1,0,0,0,20,0,0,13,61,6,7,251,845074,172,1381041,33,85661,2,519,35,86180,31,85142,131,604800,114,418959,85,154094,29,264865
"120"," E25-07M","T","M","PRE","Colin",54832,348617,0,115378,26872,341781,5210,121355,0,16909,67552,47977,0,14,28268,254963,348289,21983,0,28,72,0,70,16,38,4,9,29,24,0,4,15,25,0,1,5,74,32,13,373,1083058,309,1267978,27,50251,57,126565,84,176816,-30,-76314,174,658412,150,532022,95,163355,54,368653
"121"," E25-08F","T","F","PRE","Colin",170359,67492,12957,256589,15088,713746,1130,30224,0,0,0,314783,0,0,0,181437,31851,4344,0,65,42,6,178,6,74,2,0,9,0,0,0,0,106,0,0,0,99,4,5,512,1039315,226,486837,5,4344,11,31354,16,35698,-6,-27010,206,419288,370,1313163,290,584329,80,728834
"122"," E26-01F","C","F","PRE","Colin",65520,146490,3828,224611,2418,588407,0,3835,0,0,4206,322840,0,0,12050,416821,0,8333,0,34,41,3,147,2,32,0,0,3,0,0,0,5,109,0,0,8,95,0,8,453,1208534,194,657255,16,20383,3,3835,19,24218,13,16548,170,628831,293,1142104,259,551279,34,590825
"123"," E26-02F","C","F","PRE","Colin",112957,284528,0,68561,0,287437,1016,4362,0,0,0,27382,0,0,379200,293257,332766,8534,0,51,52,0,50,0,22,1,0,3,0,0,0,0,13,0,0,25,79,12,13,287,1179797,236,1416620,38,387734,4,5378,42,393112,34,382356,182,690742,85,383380,63,95943,22,287437
"124"," E26-03M","C","M","PRE","Colin",92408,183550,40391,241585,1434,386467,874,68841,0,18248,180722,136661,0,0,56054,288997,85585,18183,0,41,65,11,160,1,54,1,62,17,2,0,9,42,84,0,0,28,118,7,14,654,1326514,406,993462,104,74237,20,69715,124,143952,84,4522,224,564955,310,806538,255,418637,55,387901
"125"," E26-04F","C","F","PRE","Colin",126062,29228,29456,335420,0,522947,0,0,625,0,0,449195,0,0,58454,144280,88086,16247,0,44,18,5,190,0,42,0,0,0,0,1,0,0,130,0,0,6,78,6,14,486,1188967,167,462982,20,74701,1,625,21,75326,19,74076,140,299570,367,1337018,325,814071,42,522947
"126"," E26-05M","C","M","PRE","Colin",103086,114978,68610,182786,9713,520841,0,7275,0,0,0,217559,0,0,331758,162418,73986,6990,0,42,46,20,138,5,44,0,50,3,0,0,0,0,88,0,0,33,73,6,7,500,1195460,260,800491,90,338748,3,7275,93,346023,87,331473,161,380482,295,999509,246,468955,49,530554
"127"," E26-07M","C","M","PRE","Colin",139456,166691,0,142635,24974,197548,0,195576,817,6293,52973,104803,0,0,46077,155800,559542,4308,0,48,49,0,94,16,30,0,15,8,5,1,3,24,48,0,0,13,69,8,9,386,1015429,252,1327533,37,50385,14,196393,51,246778,23,-146008,166,461947,188,469960,142,247438,46,222522
"128"," E27-02M","C","M","PRE","Colin",92545,110868,0,206343,40646,601115,0,238855,0,0,0,97294,0,0,1825,120462,281652,8395,0,40,39,0,109,15,49,0,0,23,0,0,0,0,54,0,0,1,63,20,10,339,876587,196,854602,11,10220,23,238855,34,249075,-12,-228635,142,323875,227,945398,163,303637,64,641761
"129"," E27-03M","C","M","PRE","Colin",121448,154863,85078,266611,12206,218911,0,0,663,27447,46053,368902,0,0,88377,312678,84226,12537,0,62,51,14,206,5,35,0,15,0,2,2,4,12,134,0,0,23,102,6,11,638,1484657,290,848292,49,100914,4,663,53,101577,45,100251,215,588989,394,951708,354,720591,40,231117
"130"," E27-04M","C","M","PRE","Colin",117205,157493,48453,262477,1302,343132,0,4624,0,12885,102085,426038,0,0,126640,172032,0,25634,1,27,55,16,150,1,31,0,123,2,6,0,4,22,94,0,0,28,68,0,9,605,1455566,345,718598,160,152274,8,4624,168,156898,152,147650,151,446730,292,1081402,260,736968,32,344434
"131"," E27-06M","C","M","PRE","Colin",76215,189242,0,222327,34915,465569,52436,73926,10413,40064,88000,143298,0,0,19947,257148,124021,2479,1,29,59,0,132,10,62,17,6,15,84,4,6,23,55,0,0,8,80,11,4,523,1175495,347,933891,18,22426,120,136775,138,159201,-102,-114349,169,522605,259,866109,187,365625,72,500484
"132"," E27-08F","C","F","PRE","Colin",136861,165312,19889,142108,6710,338139,725,242148,0,0,790,208150,0,0,31183,371821,121911,14253,0,84,59,10,118,3,50,1,0,17,0,0,0,1,66,0,0,5,122,9,21,504,1333240,319,1085004,26,45436,18,242873,44,288309,8,-197437,265,673994,247,714996,194,370147,53,344849
"133"," E27-09M","C","M","PRE","Colin",109297,135768,22594,283816,21449,380166,0,10079,2695,2191,13938,142017,0,0,299271,349498,14949,12272,1,51,63,5,159,8,41,0,17,4,0,3,1,8,107,0,0,56,135,5,7,617,1383436,351,949958,80,311543,7,12774,87,324317,73,298769,250,594563,320,850042,271,448427,49,401615
"134"," E1-01","T","M","PRE","Colin",10156,92305,0,158500,57678,970823,42367,3908,174725,47948,95220,117464,0,0,0,28906,0,0,0,2,38,0,65,17,59,18,2,2,46,44,10,35,32,0,0,0,13,0,0,307,771499,210,495535,2,0,110,221000,112,221000,-108,-221000,53,131367,173,1304465,97,275964,76,1028501
"135"," E3-05","T","M","PRE","Colin",13050,139895,8176,377423,11193,607526,0,32943,2929,69621,94392,267313,0,0,13733,161806,0,0,2,10,63,3,142,3,47,0,11,5,4,2,16,35,90,0,0,2,50,0,0,435,1181281,200,528369,13,13733,11,35872,24,49605,2,-22139,125,314751,285,1271631,235,652912,50,618719
"136"," E3-07","T","M","PRE","Colin",43563,194781,1383,349718,8199,809527,0,12498,619,0,0,196315,520,0,5183,171517,4567,1610,0,28,52,2,190,3,53,0,0,4,1,1,0,0,101,1,0,2,70,2,2,454,977707,163,434858,4,6793,6,13117,10,19910,-2,-6324,151,410381,349,1365142,293,547416,56,817726
"137"," E4-01","C","F","PRE","Colin",100817,73391,6169,269278,9063,477882,0,149054,3121,0,7895,474313,0,0,408,193552,27661,7396,2,46,34,4,146,1,45,0,0,10,0,1,0,2,82,0,0,1,64,3,4,396,1285394,167,563295,5,7804,11,152175,16,159979,-6,-144371,146,367760,278,1236705,232,749760,46,486945
"138"," E4-03","C","F","PRE","Colin",74529,101040,14495,379970,776,482247,0,127198,0,0,0,441894,0,0,1251,173206,0,3394,2,37,32,9,189,1,76,0,0,4,0,0,0,0,103,0,0,1,61,0,2,440,1316977,139,480618,3,4645,4,127198,7,131843,-1,-122553,132,348775,378,1319382,301,836359,77,483023
"139"," E4-05","C","F","PRE","Colin",182328,64625,4335,320716,0,549488,0,57261,0,0,894,393206,0,0,0,224954,0,2193,0,66,23,3,221,0,61,0,0,7,0,0,0,2,123,0,0,0,71,0,2,518,1250512,171,532255,2,2193,7,57261,9,59454,-5,-55068,160,471907,408,1267745,347,718257,61,549488
"140"," E44-01F","C","F","PRE","Colin",170900,101376,0,128135,48991,400244,0,35524,0,0,0,75743,0,39,412041,263021,153988,9766,1,83,46,0,140,9,67,0,1,9,0,0,0,0,36,0,1,58,130,58,15,520,1196545,401,1146616,74,421807,9,35524,83,457331,65,386283,260,535297,253,653152,176,203878,76,449235
"141"," E44-03F","C","F","PRE","Colin",138374,166480,0,134737,24224,453424,0,3789,0,0,0,121213,0,0,231224,211015,307005,8361,1,66,41,0,137,8,86,0,0,3,0,0,0,0,51,0,0,30,94,57,5,428,1015193,297,1066248,35,239585,3,3789,38,243374,32,235796,202,515869,282,733598,188,255950,94,477648
"142"," E44-04M","C","M","PRE","Colin",59148,90577,0,84313,4605,184580,0,4140,909,0,0,34740,0,0,136475,51456,1139873,8731,2,36,16,0,79,2,34,0,0,3,0,1,0,0,23,0,0,11,27,25,7,205,470489,128,1491309,18,145206,4,5049,22,150255,14,140157,81,201181,138,308238,102,119053,36,189185
"143"," E44-05M","C","M","PRE","Colin",82272,142748,0,115927,1557,313704,0,0,0,0,0,60681,0,0,205818,116150,759912,576,0,40,41,0,104,2,51,0,0,0,0,0,0,0,22,0,0,23,61,25,1,292,724172,191,1307476,24,206394,0,0,24,206394,24,206394,142,341170,179,491869,126,176608,53,315261
"144"," E44-06M","C","M","PRE","Colin",217767,35171,1042,91847,0,137356,0,0,782,0,0,44412,0,956,590506,223568,443549,12362,2,86,21,1,94,0,55,0,2,0,0,1,0,0,25,0,1,44,90,36,14,381,1218413,296,1523705,60,602868,1,782,61,603650,59,602086,199,476506,176,275613,120,137301,55,137356
"145"," E44-07M","C","M","PRE","Colin",134871,53964,1197,47163,0,161730,0,3206,0,0,0,9720,0,0,170682,115954,1089167,12058,0,51,13,1,47,0,18,0,0,2,0,0,0,0,8,0,0,19,45,35,12,198,548815,177,1579902,31,182740,2,3206,33,185946,29,179534,109,304789,74,219810,56,58080,18,161730
"146"," E44-08M","C","M","PRE","Colin",141129,82434,0,134903,3167,323024,0,287572,0,0,0,276348,0,0,202363,212265,121417,14837,0,76,34,0,140,3,55,0,0,18,0,0,0,0,79,0,0,29,103,37,14,493,1351851,311,1062017,43,217200,18,287572,61,504772,25,-70372,213,435828,277,737442,219,411251,58,326191
"147"," E45-02F","C","F","PRE","Colin",26113,14078,0,331534,8399,1160158,0,38703,0,0,0,157608,0,0,28241,31904,0,0,0,10,3,0,49,1,21,0,0,4,0,0,0,0,34,0,0,4,9,0,0,113,628181,30,139039,4,28241,4,38703,8,66944,0,-10462,22,72095,105,1657699,83,489142,22,1168557
"148"," E45-04M","C","M","PRE","Colin",52865,63776,0,81679,4013,279930,0,73653,0,0,0,41525,0,0,184528,129340,845477,23681,2,33,22,0,64,4,53,0,0,8,0,0,0,0,23,0,0,19,51,39,11,233,651047,185,1373320,30,208209,8,73653,38,281862,22,134556,108,245981,144,407147,87,123204,57,283943
"149"," E45-05M","C","M","PRE","Colin",137358,44162,0,41894,100085,482598,0,91237,0,0,1596,5458,0,0,108054,106770,665551,14982,1,44,18,0,42,4,46,0,0,13,0,0,0,1,6,0,0,19,40,50,15,199,551511,201,1169710,34,123036,13,91237,47,214273,21,31799,103,288290,98,630035,48,47352,50,582683
"150"," E45-06M","C","M","PRE","Colin",356523,112238,0,171455,7,398567,0,20574,0,0,0,130851,0,2148,145751,378928,52305,30508,0,89,21,0,144,1,53,0,0,1,0,0,0,0,46,0,2,17,93,7,20,433,1348976,248,1096827,37,176259,1,20574,38,196833,36,155685,203,847689,246,703028,190,302306,54,398574
"151"," E45-07M","C","M","PRE","Colin",185844,101098,0,132068,148894,472329,1355,24889,0,0,0,41013,0,1200,143194,148736,390587,7524,0,87,36,0,133,20,74,1,0,7,0,0,0,0,23,0,1,28,111,63,6,433,786921,339,1003227,34,150718,8,26244,42,176962,26,124474,234,435678,251,795504,156,173081,94,621223
"152"," E45-08M","C","M","PRE","Colin",168336,85866,0,112379,1819,354546,0,18816,0,37275,29436,8549,0,0,172613,169371,626842,12765,1,53,36,0,73,2,38,0,9,5,0,0,3,8,10,0,0,32,80,20,8,318,815406,255,1321320,49,185378,5,18816,54,204194,44,166562,170,423573,123,477293,83,120928,40,356365
"153"," E46-01F","C","F","PRE","Anthony",48969,19403,760,412347,911,776400,0,12857,0,0,0,337510,0,0,120363,68040,0,0,0,17,9,1,121,1,37,0,0,3,0,0,0,0,88,0,0,10,19,0,0,268,1020249,58,269632,10,120363,3,12857,13,133220,7,107506,45,136412,248,1527928,210,750617,38,777311
"154"," E46-02F","C","F","PRE","Anthony",252153,49900,0,149430,309307,514971,0,64215,0,0,0,36256,0,0,124397,118832,179536,0,0,32,4,0,35,12,21,0,0,6,0,0,0,0,13,0,0,9,19,2,0,118,795183,72,789033,9,124397,6,64215,15,188612,3,60182,55,420885,81,1009964,48,185686,33,824278
"155"," E46-03F","C","F","PRE","Anthony",207688,26612,0,263100,267371,450285,0,17930,0,0,152,93450,0,0,232754,228266,10587,0,0,39,4,0,74,4,25,0,1,5,0,0,0,1,38,0,0,23,27,2,0,212,1069952,102,723989,24,232754,5,17930,29,250684,19,214824,70,462566,141,1074206,112,356550,29,717656
"156"," E46-04F","C","F","PRE","Colin",203573,309934,0,179777,1781,133056,0,2082,0,0,0,189831,0,1426,287069,318749,164861,7627,0,100,125,0,183,3,42,0,0,2,0,0,0,0,89,0,1,70,218,40,12,800,1500068,567,1293895,82,294696,2,2082,84,296778,80,292614,443,832256,318,505871,272,369608,45,134837
"157"," E46-05M","C","M","PRE","Colin",51960,319779,0,82329,0,269903,456,17321,0,0,0,220660,0,0,290892,250475,292337,3249,1,20,62,0,107,0,60,1,0,5,1,0,0,0,63,0,0,45,97,56,3,405,1237121,291,1226469,48,294141,7,17777,55,311918,41,276364,180,622214,230,572892,170,302989,60,269903
"158"," E46-06F","C","F","PRE","Colin",107911,212711,0,56816,14505,513649,10,4809,0,0,0,70087,0,0,544014,136149,129251,9527,0,63,30,0,77,2,55,1,0,3,0,0,0,0,20,0,0,48,72,22,17,331,1142034,256,1144382,65,553541,4,4819,69,558360,61,548722,165,456771,154,655057,97,126903,57,528154
"159"," E46-08F","C","F","PRE","Anthony",73028,3005,0,145151,23662,1418020,0,10328,0,0,0,11356,0,0,28167,84956,0,0,0,16,2,0,37,2,20,0,0,4,0,0,0,0,9,0,0,6,22,0,0,96,355991,50,199484,6,28167,4,10328,10,38495,2,17839,40,160989,68,1598189,46,156507,22,1441682
"160"," E46-09M","C","M","PRE","Colin",163701,137801,0,108893,0,219298,0,4887,0,0,0,274687,0,578,387585,261150,229701,11113,0,57,42,0,108,0,31,0,0,2,0,0,0,0,46,0,1,42,100,23,12,410,1350395,278,1195938,54,398698,2,4887,56,403585,52,393811,199,562652,186,603456,154,383580,31,219298
"161"," E47-02F","C","F","PRE","Anthony",81091,31052,0,547706,165725,330856,0,220300,0,0,0,216306,0,0,50652,116424,38601,0,0,23,5,0,142,30,32,0,0,30,0,0,0,0,91,0,0,11,22,2,0,324,1263531,93,538120,11,50652,30,220300,41,270952,-19,-169648,50,228567,295,1260593,233,764012,62,496581
"162"," E47-03F","C","F","PRE","Anthony",73709,36251,0,434126,446844,370637,0,84481,0,0,0,128871,0,0,80451,138559,3504,0,0,25,3,0,99,22,37,0,0,9,0,0,0,0,48,0,0,11,33,1,0,228,976448,82,416955,11,80451,9,84481,20,164932,2,-4030,61,248519,206,1380478,147,562997,59,817481
"163"," E47-01F","C","F","PRE","Anthony",216959,4857,0,432055,2360,765690,0,90549,0,0,0,61603,0,0,24362,140544,58137,0,0,49,2,0,89,2,24,0,0,16,0,0,0,0,29,0,0,4,25,4,0,214,970929,100,535408,4,24362,16,90549,20,114911,-12,-66187,76,362360,144,1261708,118,493658,26,768050
"164"," E47-07M","C","M","PRE","Colin",176340,121175,0,171821,1068,243320,0,0,955,5670,82048,206349,0,0,138514,186215,455294,10939,2,48,50,0,157,1,37,0,58,0,0,1,7,31,60,0,0,23,97,21,8,542,1100026,346,1177150,89,149453,1,955,90,150408,88,148498,197,483730,255,622558,217,378170,38,244388
"165"," E47-08M","C","M","PRE","Colin",166421,116759,0,198471,372,396192,0,1299,0,0,9061,469687,0,0,154156,215070,51872,19515,0,62,35,0,190,1,79,0,0,1,1,0,0,1,118,0,0,11,89,14,20,528,1350439,234,734153,31,173671,2,1299,33,174970,29,172372,186,498250,388,1064722,308,668158,80,396564
"166"," E48-02F","C","F","PRE","Colin",279818,35655,0,118610,0,71731,0,240270,0,0,0,5347,0,0,53940,321785,653305,19130,0,122,21,0,84,0,8,0,0,16,0,0,0,0,6,0,0,13,131,32,20,413,1074555,355,1603903,33,73070,16,240270,49,313340,17,-167200,274,637258,98,195688,90,123957,8,71731
"167"," E48-05F","C","F","PRE","Colin",143583,91161,0,152112,0,418435,574,489,0,0,0,264528,0,7563,284579,291096,126991,18519,0,83,49,0,160,0,34,1,1,1,0,0,0,0,94,0,4,45,154,17,24,616,1254204,375,956992,70,303098,2,1063,72,304161,68,302035,286,525840,292,842638,254,416640,34,418435
"168"," E48-06F","C","F","PRE","Colin",287762,60809,435,90795,75130,155455,0,8356,0,0,0,106825,0,0,274915,403582,320502,14708,3,125,36,1,119,11,37,0,0,2,0,0,0,0,36,0,0,40,154,50,20,536,1248187,430,1370634,60,289623,2,8356,62,297979,58,281267,318,752153,204,428640,156,198055,48,230585
"169"," E48-08M","C","M","PRE","Colin",60908,120908,0,40708,342566,230522,0,13419,0,0,0,37657,0,0,174930,45138,717656,15282,0,12,22,0,47,20,31,0,0,1,0,0,0,0,14,0,0,16,28,33,5,145,508950,117,1148241,21,190212,1,13419,22,203631,20,176793,62,226954,112,651453,61,78365,51,573088
"170"," E50-01F","T","F","PRE","Colin",181944,97881,651,146470,56826,361410,0,111684,0,0,2940,162117,0,0,32693,332765,289908,21426,3,92,52,1,162,11,59,0,0,18,0,0,0,1,66,0,0,7,145,54,18,565,1090571,390,1071241,25,54119,18,111684,43,165803,7,-57565,292,612590,299,727474,229,309238,70,418236
"171"," E50-02F","T","F","PRE","Colin",169688,71005,2054,227932,11005,469308,0,24818,0,0,0,360326,0,0,62239,298106,62053,40971,5,83,47,1,251,4,97,0,1,8,0,0,0,0,147,0,0,12,154,28,26,735,1257139,364,728880,39,103210,8,24818,47,128028,31,78392,289,538799,500,1070625,399,590312,101,480313
"172"," E50-03M","T","M","PRE","Colin",87093,110687,0,116684,432,792925,0,2220,0,0,0,283495,0,6367,208999,105033,75505,10133,0,48,49,0,127,1,66,0,1,2,0,0,0,0,84,0,2,32,84,22,11,440,930711,249,599670,44,219132,2,2220,46,221352,42,216912,181,302813,280,1199903,211,400179,67,793357
"173"," E50-04M","T","M","PRE","Colin",143456,75372,0,74580,465,474171,0,12833,0,0,0,55626,0,0,281922,136260,524076,21041,0,67,31,0,74,1,51,0,0,4,0,0,0,0,28,0,0,27,67,32,24,322,801090,252,1194960,51,302963,4,12833,55,315796,47,290130,165,355088,154,604842,102,130206,52,474636
"174"," E50-05M","T","M","PRE","Colin",114038,121973,0,47001,0,237665,0,16947,0,0,0,17460,0,0,270720,195795,760419,17777,3,50,27,0,45,0,27,0,0,5,0,0,0,0,14,0,0,24,66,21,17,251,801711,213,1497669,41,288497,5,16947,46,305444,36,271550,146,431806,86,302126,59,64461,27,237665
"175"," E50-06M","T","M","PRE","Colin",82654,120738,0,103107,226488,379640,0,0,0,1438,36915,38101,0,0,383084,218263,196389,12663,0,42,61,0,99,21,31,0,67,0,0,0,1,16,23,0,0,47,86,30,10,452,996963,360,1052144,124,395747,0,0,124,395747,124,395747,189,421655,174,747336,122,141208,52,606128
"176"," E50-07M","T","M","PRE","Colin",129602,155278,0,84645,284994,284186,0,17051,851,0,29583,50262,0,0,393439,146796,210598,12558,3,74,68,0,107,17,55,0,20,4,0,1,0,13,25,0,0,61,96,32,16,488,1020065,388,1095756,97,405997,5,17902,102,423899,92,388095,241,431676,204,704087,132,134907,72,569180
"177"," E50-08M","T","M","PRE","Colin",84497,120993,0,118226,9129,265685,0,14511,0,0,0,37837,0,0,332626,122776,683183,10242,0,54,32,0,110,4,59,0,0,2,0,0,0,0,22,0,0,21,78,26,10,329,841708,223,1368828,31,342868,2,14511,33,357379,29,328357,164,328266,195,430877,132,156063,63,274814
"178"," E5-03","T","F","PRE","Colin",204280,134808,7558,258223,12572,376908,0,28636,0,0,1592,457465,0,0,139077,169233,2959,6689,0,42,52,2,143,5,35,0,3,3,1,0,0,2,113,0,0,27,55,1,6,449,1407561,192,687274,36,145766,4,28636,40,174402,32,117130,149,508321,298,1112726,258,723246,40,389480
"179"," E5-04","T","M","PRE","Colin",44113,78903,75349,417078,23440,599587,0,0,0,191074,66314,256662,0,0,608,46872,0,0,0,12,56,32,198,8,39,0,41,0,6,0,39,34,107,0,0,1,32,0,0,558,1176973,221,427884,42,608,6,0,48,608,36,608,100,169888,384,1372116,337,749089,47,623027
"180"," E5-05","T","F","PRE","Colin",342982,134382,815,271118,1091,253619,0,43736,0,0,5957,378450,0,0,25161,303349,0,39340,0,55,44,1,144,1,26,0,3,6,0,0,0,1,99,0,0,11,68,0,25,457,1545290,213,894907,39,64501,6,43736,45,108237,33,20765,167,780713,271,905093,244,650383,27,254710
"181"," E5-06","T","M","PRE","Colin",19064,16502,26912,376981,7658,499876,1200,0,0,235711,473485,98151,2488,0,17645,12637,0,11690,1,1,15,5,96,3,36,1,52,0,14,0,55,91,35,1,0,7,7,0,11,392,1292466,256,790422,70,29335,15,1200,85,30535,55,28135,25,50691,175,1009578,136,502044,39,507534
"182"," E5-07","T","M","PRE","Colin",18039,71786,0,236651,59031,740793,55628,94073,42875,24967,368235,39953,0,0,12045,32029,0,3895,1,5,30,0,73,20,41,23,12,12,56,9,9,48,19,0,0,6,19,0,3,325,1000176,233,723572,21,15940,100,192576,121,208516,-79,-176636,55,121854,153,1076428,92,276604,61,799824
"183"," E5-08","T","M","PRE","Colin",163947,141550,2845,304584,41087,359096,0,39490,0,17022,23788,377418,1250,0,133702,169162,13303,11756,0,41,40,3,121,3,26,0,71,2,10,0,5,16,90,1,0,14,59,1,8,481,1386514,268,714970,93,145458,12,39490,105,184948,81,105968,141,475909,243,1085030,214,684847,29,400183
"184"," E51-02F","T","F","PRE","Anthony",163206,74935,0,548905,84125,364733,0,179844,0,0,1425,234664,0,0,4080,108897,30485,0,0,27,5,0,96,10,19,0,0,22,0,0,0,1,53,0,0,3,19,2,0,226,1315956,79,562872,3,4080,22,179844,25,183924,-19,-175764,51,347038,178,1232427,149,783569,29,448858
"185"," E51-05M","T","F","PRE","Anthony",76386,76743,0,232524,639286,188811,0,4486,0,0,0,72350,0,0,35673,154909,318040,0,0,28,14,0,75,7,15,0,0,2,0,0,0,0,31,0,0,5,28,1,0,183,653071,78,666237,5,35673,2,4486,7,40159,3,31187,70,308038,128,1132971,106,304874,22,828097
"186"," E51-06M","T","M","PRE","Anthony",214851,145541,15902,375511,86895,358350,536,17419,0,5433,107649,208609,0,0,29507,232346,0,0,0,44,30,3,100,6,22,1,0,5,1,0,5,14,49,0,0,6,61,0,0,319,1353304,167,753282,6,29507,7,17955,13,47462,-1,11552,135,592738,180,1045267,152,600022,28,445245
"187"," E51-07M","T","M","PRE","Anthony",56341,135025,13576,591625,114675,281483,0,12823,0,217354,45950,168138,0,0,2817,122839,35065,0,0,8,12,2,96,14,20,0,0,1,0,0,31,24,35,0,0,1,18,2,0,228,1366488,97,628214,1,2817,1,12823,2,15640,0,-10006,38,314205,167,1169497,133,773339,34,396158
"188"," E51-08M","T","M","PRE","Anthony",147701,395480,0,412378,3391,218970,0,11234,0,32901,5309,406531,0,0,59247,105093,0,0,0,31,42,0,111,1,15,0,0,2,0,0,2,1,63,0,0,8,33,0,0,293,1575874,119,756965,8,59247,2,11234,10,70481,6,48013,106,648274,190,1041270,174,818909,16,222361
"189"," E51-04M","T","M","PRE","Colin",63452,118088,50399,204286,4346,316900,0,0,0,0,7110,604455,0,504,175121,132177,110728,10367,0,42,51,14,241,5,78,0,44,0,0,0,0,2,143,0,1,27,85,19,7,657,1365959,277,617043,78,185488,0,0,78,185488,78,185488,178,313717,482,1180890,398,859140,83,321246
"190"," E52-03M","T","M","PRE","Colin",45535,62619,2250,97831,57263,412855,0,1308,77999,0,55478,189712,0,0,103895,157020,535075,962,0,18,33,1,83,9,34,0,3,1,2,27,0,17,30,0,0,18,77,31,1,311,794609,228,1039891,22,104857,30,79307,52,184164,-8,25550,128,265174,157,759911,114,289793,43,470118
"191"," E52-04M","T","M","PRE","Colin",40883,202721,0,117143,40730,484623,0,26237,22,4760,93515,135953,0,0,228024,133850,290189,1092,0,20,75,0,79,13,42,0,36,4,1,1,4,33,33,0,0,19,77,28,1,383,984200,299,1021293,56,229116,6,26259,62,255375,50,202857,172,377454,167,778449,112,253096,55,525353
"192"," E53-07M","T","M","PRE","Anthony",94646,53754,7121,404848,4272,214271,0,5346,0,1872,17594,103555,0,0,56721,176685,629321,27918,0,30,10,3,101,2,21,0,0,2,0,0,1,3,42,0,0,12,37,3,6,247,950060,104,1063857,18,84639,2,5346,20,89985,16,79293,77,325085,169,734067,146,515524,23,218543
"193"," E53-08M","T","M","PRE","Anthony",85711,97148,1710,299222,438257,507377,0,11168,0,0,0,138058,0,0,77376,97918,41901,0,0,18,9,2,76,5,25,0,0,1,0,0,0,0,42,0,0,9,17,4,0,174,808311,58,411222,9,77376,1,11168,10,88544,8,66208,44,280777,150,1384624,120,438990,30,945634
"194"," E53-01F","T","F","PRE","Colin",175831,147478,0,85670,1370,151249,0,260373,0,0,0,55038,0,0,96222,154079,660251,12334,2,87,40,0,89,1,23,0,0,25,0,0,0,0,25,0,0,16,83,43,20,387,987025,316,1506568,36,108556,25,260373,61,368929,11,-151817,212,477388,138,293327,114,140708,24,152619
"195"," E53-02F","T","F","PRE","Colin",83770,153057,0,102526,78851,448180,2937,77710,0,0,402,61537,0,0,269377,200106,308288,12650,5,47,69,0,114,12,48,1,0,10,0,0,0,1,34,0,0,36,110,66,8,435,964072,353,1108297,44,282027,11,80647,55,362674,33,201380,231,436933,208,691094,148,164063,60,527031
"196"," E53-03F","T","F","PRE","Colin",276596,171771,0,165587,2027,151017,0,19141,0,0,0,98006,382,0,287802,443101,173105,11275,1,170,115,0,211,2,51,0,1,3,0,0,0,0,38,1,0,81,271,40,16,908,1473661,699,1383173,98,299077,3,19141,101,318218,95,279936,558,891850,302,416637,249,263593,53,153044
"197"," E53-05M","T","M","PRE","Colin",114608,179691,0,74038,191762,155200,0,30741,0,0,1080,72463,0,0,313967,93014,563993,7654,0,50,45,0,78,16,44,0,40,8,0,0,0,1,21,0,0,31,61,40,11,346,887256,287,1304748,82,321621,8,30741,90,352362,74,290880,156,387313,159,493463,99,146501,60,346962
"198"," E53-06M","T","M","PRE","Colin",195213,104244,2148,105269,79377,376623,0,2073,0,0,0,190992,0,1083,258537,216529,258438,8931,1,85,43,1,135,4,48,0,9,2,0,0,0,0,80,0,1,44,114,32,15,530,1085019,345,1043965,68,267468,2,2073,70,269541,66,265395,243,515986,269,755492,216,298409,52,456000
"199"," E6-03","T","F","PRE","Colin",37130,89828,4207,459713,2944,633450,0,0,0,0,0,272035,0,0,221630,77368,1695,0,0,17,42,2,152,2,34,0,1,0,0,0,0,0,98,0,0,13,25,1,0,350,1161911,99,427651,14,221630,0,0,14,221630,14,221630,84,204326,288,1372349,252,735955,36,636394
"200"," E6-05","T","F","PRE","Colin",92673,100224,1928,308378,2946,698652,1097,77473,0,0,1951,176898,0,0,25716,301140,6835,4089,2,32,41,2,129,4,47,2,2,11,0,0,0,2,65,0,0,6,67,2,3,364,1091567,170,611198,11,29805,13,78570,24,108375,-2,-48765,142,494037,247,1188802,196,487204,51,701598
"201"," E6-06","T","M","PRE","Colin",34215,80726,1738,405841,3823,622665,0,13048,0,0,122641,271483,0,0,63631,158216,5521,16452,0,12,29,2,129,1,30,0,102,3,33,0,0,8,84,0,0,9,42,1,3,456,1167991,242,494450,114,80083,36,13048,150,93131,78,67035,83,273157,246,1305550,215,679062,31,626488
"202"," E7-01","C","M","PRE","Colin",19854,94104,3140,684843,61102,273480,0,1017,7159,7139,108498,226428,0,0,151971,99655,57169,4441,0,14,45,2,186,14,37,0,149,2,6,1,2,11,96,0,0,26,51,2,2,593,1408249,311,551007,177,156412,9,8176,186,164588,168,148236,110,213613,335,1248993,284,914411,51,334582
"203"," E7-02","C","M","PRE","Colin",98974,34800,0,44906,0,1345547,0,0,0,0,2012,29179,0,0,45135,179953,0,19494,0,23,7,0,23,0,18,0,0,0,0,0,0,1,9,0,0,4,27,0,8,102,454453,70,380368,12,64629,0,0,12,64629,12,64629,57,313727,50,1419632,32,74085,18,1345547
"204"," E7-03","C","M","PRE","Colin",520,33261,994,125662,722075,15718,136845,22521,113027,360648,213778,40881,0,0,4603,6900,0,2567,0,1,30,1,37,79,5,80,6,5,72,31,105,77,14,0,0,4,2,0,2,467,1062207,415,894670,12,7170,188,272393,200,279563,-176,-265223,33,40681,136,905330,52,167537,84,737793
"205"," E7-05","C","F","PRE","Colin",14927,12292,2790,220456,70352,197943,0,11529,0,0,0,113117,0,0,0,28711,1124988,2895,2,9,12,1,84,21,21,0,0,2,0,0,0,0,37,0,0,0,16,6,2,165,406717,49,1195342,2,2895,2,11529,4,14424,0,-8634,39,55930,164,604658,122,336363,42,268295
"206"," E7-06","C","F","PRE","Colin",62975,106087,8397,225402,134338,428937,1936,27798,0,0,0,151659,0,0,235975,60900,340845,14751,0,19,28,4,95,13,41,1,0,5,0,0,0,0,54,0,0,26,16,15,11,259,895880,121,851267,37,250726,6,29734,43,280460,31,220992,63,229962,207,948733,153,385458,54,563275
"207"," E7-08","C","F","PRE","Colin",53231,126002,17231,244183,57585,167431,0,8547,0,0,1115,41730,0,0,119624,96749,857989,8583,0,10,27,8,63,17,18,0,0,2,0,0,0,1,21,0,0,7,13,13,4,156,716995,77,1271840,11,128207,2,8547,13,136754,9,119660,50,275982,127,528160,92,303144,35,225016
"208"," E8-03F","C","F","PRE","Colin",75913,359037,0,307576,3616,544370,0,26887,0,0,682,210123,0,0,24945,246729,0,0,0,28,79,0,154,3,58,0,0,5,0,0,0,1,83,0,0,7,90,0,0,447,1251892,210,734193,7,24945,5,26887,12,51832,2,-1942,197,681679,298,1065685,237,517699,61,547986
"209"," E8-04F","C","F","PRE","Colin",60132,215025,0,252346,0,426272,0,64608,0,0,0,267699,0,0,114728,397661,0,1529,0,19,56,0,127,0,41,0,0,5,0,0,0,0,79,0,0,8,84,0,1,379,1373728,173,853683,9,116257,5,64608,14,180865,4,51649,159,672818,247,946317,206,520045,41,426272
"210"," E8-07Ma","C","M","PRE","Colin",147704,131526,0,101035,4893,842972,0,112677,935,0,0,97538,0,0,53407,206272,19098,1452,0,45,32,0,65,3,39,0,0,9,0,1,0,0,31,0,0,15,66,4,2,266,852546,174,673071,17,54859,10,113612,27,168471,7,-58753,143,485502,138,1046438,96,198573,42,847865
"211"," E8-07Mb","C","M","PRE","Colin",36525,59146,11596,366690,2569,779318,1055,29127,0,0,0,305500,0,0,109033,88602,10095,744,1,15,23,5,134,2,29,1,1,1,0,0,0,0,82,0,0,9,29,1,1,302,1008018,82,334327,11,109777,2,30182,13,139959,9,79595,68,184273,252,1465673,221,683786,31,781887
"212"," E8-14M","C","M","PRE","Colin",64808,204460,1008,197409,693,398943,0,401795,0,0,0,149652,0,0,20332,242858,116240,969,0,34,58,1,114,1,38,0,0,13,0,0,0,0,58,0,0,4,76,4,2,360,1283291,191,1051462,6,21301,13,401795,19,423096,-7,-380494,168,512126,212,747705,173,348069,39,399636
"213"," E9-01Mb","C","M","PRE","Colin",51534,329799,1713,128158,1976,239928,0,198611,0,0,0,30613,0,0,0,250018,567650,0,6,29,53,1,56,1,40,0,0,12,0,0,0,0,14,0,0,0,68,22,0,239,990446,190,1397612,0,0,12,198611,12,198611,-12,-198611,156,631351,112,402388,71,160484,41,241904
"214"," E9-05F","C","F","PRE","Colin",174801,195030,0,186397,4577,449896,0,251537,826,0,0,31738,0,0,0,493154,0,12044,1,60,44,0,84,1,46,0,0,11,1,1,0,0,13,0,0,0,83,0,5,303,1345527,206,1127392,5,12044,13,252363,18,264407,-8,-240319,188,862985,144,672608,97,218135,47,454473
"215"," E9-09M","C","M","PRE","Colin",129945,145386,8942,255615,0,814937,0,1368,0,0,0,228821,0,0,69079,143580,0,2327,0,51,62,4,155,0,56,0,7,2,1,0,0,0,69,0,0,13,76,0,2,442,985063,214,491685,22,71406,3,1368,25,72774,19,70038,189,418911,284,1308315,228,493378,56,814937
"216"," E9-11M","C","M","PRE","Colin",145251,280443,0,332576,110291,462146,0,6975,0,0,0,51676,0,0,41935,331664,36603,440,1,54,79,0,128,7,33,0,0,1,1,0,0,0,41,0,0,6,124,3,1,436,1190960,270,843311,7,42375,2,6975,9,49350,5,35400,258,757358,209,956689,169,384252,40,572437
"217"," E9-13M","C","M","PRE","Colin",79192,278403,0,249149,0,698339,817,14387,0,30928,11237,175210,0,0,44862,199380,0,18096,1,37,66,0,157,0,64,1,14,4,1,0,5,6,85,0,0,4,79,0,11,471,1101661,229,677302,29,62958,6,15204,35,78162,23,47754,183,556975,306,1122698,242,424359,64,698339
