Subject,Treatment,Sex,Gonad,Scorer,SniffAnoDur,SniffHeadDur,DigDur,ActiveHDur,InactiveDur,GroomDur,AvoidDur,SubDur,DefenseDur,OpenAggDur,RitAggDur,ActiveVDur,ApproachDur,StereoDur,DomDur,SniffBodyDur,InactiveTogetherDur,FollowDur,StretchEv,SniffAnoEv,SniffHeadEv,DigEv,ActiveHEv,InactiveEv,GroomEv,AvoidEv,AttackDelEv,SubEv,AttackRecEv,DefenseEv,OpenAggEv,RitAggEv,ActiveVEv,ApproachEv,StereoEv,DomEv,SniffBodyEv,InactiveTogetherEv,FollowEv
 E28-02F,C,F,PRE,Anthony,23508,64322,0,316473,426824,529052,0,12311,0,0,0,128590,0,0,206107,28297,63721,0,0,6,10,0,73,15,29,0,0,1,0,0,0,0,41,0,0,13,8,1,0
 E28-03F,C,F,PRE,Anthony,85577,32878,0,333795,409229,480753,0,23132,0,0,0,134061,0,0,34856,265087,0,0,0,19,8,0,90,27,31,0,0,7,0,0,0,0,41,0,0,10,56,0,0
 E28-04F,C,F,PRE,Anthony,1864,13933,0,140007,1072937,381568,0,0,0,0,0,113260,0,0,36304,38714,0,0,0,2,3,0,58,5,17,0,0,0,0,0,0,0,40,0,0,4,10,0,0
 E31-03F,C,F,PRE,Anthony,50058,35973,0,191424,628932,292495,0,22854,0,0,0,21585,0,0,198569,237461,119845,0,0,28,8,0,81,5,22,0,0,4,0,0,0,0,12,0,0,17,75,3,0
 E31-04M,C,M,PRE,Anthony,0,8098,57288,492872,235362,306119,0,19369,0,499527,116884,55017,0,745,1346,3751,0,2112,0,0,3,4,94,26,27,0,18,2,0,0,85,56,19,0,1,1,5,0,2
 E31-06M,C,M,PRE,Anthony,14193,26107,0,205645,771018,689333,0,0,0,0,0,17213,0,0,24346,51409,0,0,0,7,6,0,42,11,30,0,0,0,0,0,0,0,11,0,0,3,22,0,0
 E32-01M,C,M,PRE,Anthony,13080,35501,0,184250,698602,267369,0,81071,0,0,0,39558,0,0,97377,88645,293883,0,0,7,7,0,52,15,24,0,0,4,0,0,0,0,17,0,0,12,23,1,0
 E32-02M,C,M,PRE,Anthony,77898,130282,0,673946,61397,343708,127519,15138,72321,8697,11034,139050,0,0,48812,86942,0,2584,0,11,24,0,128,9,21,38,0,8,51,20,6,7,41,0,0,11,16,0,1
 E33-01F,C,F,PRE,Anthony,76765,20713,41386,275947,418601,325937,15,1633,0,0,0,123187,325,0,144202,134431,236300,0,8,31,4,9,92,22,22,2,6,1,0,0,0,0,32,6,0,6,45,1,0
 E33-02F,C,F,PRE,Anthony,26919,34953,13959,479161,353699,515996,0,7928,0,0,0,160620,0,0,162231,44133,0,0,0,10,7,3,160,12,26,0,0,2,0,0,0,0,104,0,0,25,25,0,0
 E33-04M,C,M,PRE,Anthony,98354,36314,3038,487820,326076,164718,0,72231,0,34434,13906,325483,0,0,76926,159687,0,0,0,36,11,2,175,12,27,0,6,9,0,0,8,8,94,0,0,15,48,0,0
 E33-05M,C,M,PRE,Anthony,43979,54299,0,275386,290277,205656,0,2000,0,0,0,46951,0,0,47181,118416,715740,0,0,25,7,0,90,7,17,0,0,3,0,0,0,0,31,0,0,3,36,2,0
 E33-06M,C,M,PRE,Anthony,73269,66144,0,388001,228389,365641,0,62718,0,0,0,75442,0,0,209730,330061,0,0,0,30,11,0,136,10,41,0,0,7,0,0,0,0,42,0,0,18,70,0,0
 E34-01F,C,F,PRE,Anthony,48205,37208,0,131535,328178,76721,0,0,0,0,0,13360,0,0,66551,209403,887686,0,0,22,7,0,45,11,6,0,0,0,0,0,0,0,6,0,0,6,36,2,0
 E34-02F,C,F,PRE,Anthony,49604,62532,0,318736,337774,464726,0,1104,0,0,0,42146,0,0,78323,444325,0,0,0,28,11,0,95,21,33,0,0,1,0,0,0,0,28,0,0,9,49,0,0
 E34-03F,C,F,PRE,Anthony,61474,244221,16991,280066,30924,440218,0,104172,0,0,0,151711,0,0,60504,409683,0,0,0,23,33,1,124,11,19,0,0,13,0,0,0,0,67,0,0,10,81,0,0
 E34-04F,C,F,PRE,Anthony,24224,120000,5346,491577,506667,119595,1696,19229,0,0,1552,130008,0,0,107949,153116,118921,0,0,8,21,2,112,23,16,1,0,5,0,0,0,1,61,0,0,10,37,2,0
 E35-01F,C,F,PRE,Anthony,56679,13081,0,254699,178310,574666,0,7305,0,0,0,36547,0,0,222841,108513,347024,0,0,24,6,0,84,7,40,0,0,2,0,0,0,0,28,0,0,15,36,3,0
 E35-02F,C,M,PRE,Anthony,70845,0,0,218004,670496,78894,0,2865,0,0,0,6910,0,0,0,46938,703215,0,0,14,0,0,30,3,9,0,0,2,0,0,0,0,6,0,0,0,17,2,0
 E35-05M,C,M,PRE,Anthony,124841,42236,0,425725,149380,248025,0,24462,0,0,0,268476,0,0,178663,337253,0,0,0,46,9,0,179,15,21,0,0,3,0,0,0,0,96,0,0,18,80,0,0
 E35-06M,C,M,PRE,Anthony,68080,98406,6558,429950,112050,375475,0,15459,0,0,0,324722,0,0,229444,139636,0,0,0,21,18,1,128,17,20,0,0,6,0,0,0,0,59,0,0,18,45,0,0
 E36-01F,T,F,PRE,Anthony,18876,46953,0,227223,362911,394089,0,1886,0,0,0,6985,0,0,36851,114506,589142,0,0,11,9,0,47,10,17,0,0,2,0,0,0,0,8,0,0,1,29,2,0
 E36-02F,T,F,PRE,Anthony,1368,20293,0,78026,721644,51784,0,24214,0,0,0,36150,0,0,73922,13306,778548,0,0,1,3,0,24,8,6,0,0,1,0,0,0,0,12,0,0,3,8,1,0
 E36-03F,T,F,PRE,Anthony,88378,97828,0,329010,323896,322826,0,48717,0,0,0,327093,0,0,54978,206314,0,0,0,32,17,0,138,24,18,0,0,10,0,0,0,0,78,0,0,7,65,0,0
 E36-05M,T,M,PRE,Anthony,22792,249192,119705,465614,124038,265334,0,31924,0,5768,28908,140474,0,0,104276,213178,26137,0,0,14,29,12,126,12,21,0,0,4,0,0,2,7,61,0,0,16,52,1,0
 E36-06M,T,M,PRE,Anthony,93110,44763,0,255031,508976,445808,0,18024,0,0,0,19645,0,0,228112,183136,0,1688,0,47,12,0,95,11,14,0,3,5,0,0,0,0,13,0,0,30,75,0,1
 E38-01F,T,F,PRE,Anthony,48491,55167,21628,408005,120594,474785,0,35965,0,0,0,423813,0,0,72320,138600,0,0,0,27,17,5,151,18,21,0,0,11,0,0,0,0,93,0,0,13,46,0,0
 E38-02F,T,F,PRE,Anthony,14330,46260,751,235310,931522,342090,0,19564,0,0,0,65350,0,0,93641,50865,0,0,0,8,9,1,80,12,14,0,0,4,0,0,0,0,44,0,0,14,18,0,0
 E38-03F,T,F,PRE,Anthony,26103,74013,0,211809,30352,318649,0,13185,0,0,0,69620,0,0,50551,266379,738288,0,0,19,14,0,85,7,25,0,0,3,0,0,0,0,36,0,0,9,58,1,0
 E38-04F,T,F,PRE,Anthony,73375,14577,37467,531094,88860,371040,0,115737,0,0,0,302854,0,0,93035,171567,0,0,0,25,5,6,173,6,33,0,0,12,0,0,0,0,105,0,0,9,62,0,0
 E38-05M,T,M,PRE,Anthony,13362,5808,13427,276760,658457,519662,0,0,0,0,0,101777,0,0,136467,46605,27145,0,0,3,1,4,75,6,27,0,0,0,0,0,0,0,44,0,0,18,12,1,0
 E38-06M,T,M,PRE,Anthony,21579,45528,67609,427259,130621,416716,0,61877,256,22820,5477,126165,0,0,147392,326497,0,0,0,14,17,2,143,11,29,0,1,5,0,1,6,5,72,0,0,15,59,0,0
 E39-01F,T,F,PRE,Anthony,31623,2050,0,111491,994783,472203,0,7096,0,0,0,39755,0,0,78991,61115,0,0,0,14,1,0,43,7,15,0,0,2,0,0,0,0,23,0,0,5,18,0,0
 E39-02F,T,F,PRE,Anthony,26100,6321,0,101941,810072,282337,0,62125,0,0,0,35954,0,0,115030,177864,181008,0,0,4,2,0,23,10,14,0,0,6,0,0,0,0,17,0,0,8,18,1,0
 E39-03F,T,F,PRE,Anthony,79802,28711,0,338345,685165,123829,0,7828,0,0,0,19053,0,0,6403,197270,312568,0,0,35,6,0,78,18,11,0,0,3,0,0,0,0,9,0,0,1,47,1,0
 E39-05M,T,M,PRE,Anthony,44590,52868,0,217312,555056,665307,0,4031,0,0,0,29911,0,0,76843,116152,37102,0,0,16,7,0,59,7,23,0,0,3,0,0,0,0,13,0,0,3,31,1,0
 E39-06M,T,M,PRE,Anthony,119235,26779,0,612760,100106,343470,0,17215,0,94961,9954,181614,0,0,30816,261171,0,927,0,35,13,0,155,9,31,0,2,5,0,0,11,7,61,0,0,12,60,0,1
 E40-01F,T,F,PRE,Anthony,0,0,0,0,1799643,0,0,0,0,0,0,0,0,0,0,0,0,0,0,0,0,0,0,1,0,0,0,0,0,0,0,0,0,0,0,0,0,0,0
 E41-01F,T,F,PRE,Anthony,23993,118460,0,121837,687147,461718,0,0,0,0,0,72831,0,0,146687,165031,0,0,0,10,8,0,35,14,13,0,0,0,0,0,0,0,10,0,0,8,21,0,0
 E41-02F,T,F,PRE,Anthony,15674,9795,0,577186,640532,296062,0,936,0,0,0,100253,0,0,43497,113392,0,0,0,9,6,0,82,15,21,0,0,1,0,0,0,0,43,0,0,7,19,0,0
 E41-03f,T,F,PRE,Anthony,34470,16888,726,315447,500874,221515,0,13793,0,0,0,98834,0,0,214211,382505,0,0,0,24,8,1,100,14,11,0,0,3,0,0,0,0,34,0,0,15,69,0,0
 E41-04M,T,M,PRE,Anthony,102431,102806,0,441104,359700,326181,0,8568,0,0,0,82660,0,0,112605,263571,0,0,0,28,16,0,98,21,24,0,0,4,0,0,0,0,26,0,0,4,59,0,0
 E41-05M,T,M,PRE,Anthony,23017,39887,0,396624,529637,284489,0,77434,6872,6576,32030,121983,0,0,1272,242763,37247,0,0,12,9,0,87,21,17,0,0,10,0,3,4,10,27,0,0,2,46,1,0
 42-02F,T,F,PRE,Anthony,4799,15932,13132,429827,526730,477116,0,90464,0,0,0,144040,0,0,0,97255,0,0,0,4,4,2,108,11,28,0,0,8,0,0,0,0,62,0,0,0,24,0,0
 42-03M,T,M,PRE,Anthony,50308,46761,1632,198385,790735,182549,0,0,0,0,0,121543,1039,0,324831,81526,0,0,0,21,10,1,66,18,13,0,0,0,0,0,0,0,24,1,0,19,38,0,0
 42-04M,T,M,PRE,Anthony,53349,65800,0,123366,1149376,62699,0,0,0,0,0,39215,0,0,196888,68813,39573,0,0,20,19,0,47,11,6,0,0,0,0,0,0,0,17,0,0,16,23,1,0
 42-05M,T,M,PRE,Anthony,34216,28358,11653,344101,545436,94563,0,72357,0,0,0,108306,0,0,70000,76568,413577,0,0,14,8,2,85,14,12,0,0,4,0,0,0,0,51,0,0,5,20,1,0
 42-06M,T,M,PRE,Anthony,21217,16581,0,178877,571795,429506,0,2159,0,0,0,30786,0,0,236328,102226,209648,0,0,9,2,0,52,11,15,0,0,1,0,0,0,0,10,0,0,11,39,4,0
 E43-01M,T,M,PRE,Anthony,76505,37279,0,375587,258383,719931,0,3672,0,0,0,73847,0,0,115784,138521,0,0,0,17,7,0,71,14,24,0,0,2,0,0,0,0,27,0,0,8,28,0,0
 E43-03M,T,M,PRE,Anthony,117630,108174,37086,368022,423037,285058,0,0,0,0,0,80338,0,0,166586,213931,0,0,0,34,18,5,92,10,18,0,0,0,0,0,0,0,47,0,0,21,45,0,0
 E43-04M,T,M,PRE,Anthony,11212,9132,0,150158,192576,381516,0,34309,27118,102038,49759,4951,0,2672,6358,125804,697310,4748,0,2,2,0,39,17,9,0,2,4,12,10,26,18,5,0,2,2,20,2,1
 E43-05M,T,M,PRE,Anthony,75261,17301,0,214616,698904,350906,0,12330,0,0,0,101068,0,0,230907,96017,0,0,0,18,6,0,65,8,17,0,0,4,0,0,0,0,27,0,0,16,30,0,0
 E43-06F,T,F,PRE,Anthony,37994,88844,0,321919,831893,207802,344,0,0,0,0,5591,0,0,41299,263561,0,0,0,21,13,0,68,19,13,1,0,0,0,0,0,0,5,0,0,5,49,0,0
 E10-02F,C,F,PRE,Colin,37946,348935,0,260999,21545,254988,41821,20612,0,0,15692,540575,0,0,7857,249030,0,0,2,23,63,0,156,5,31,25,0,7,41,0,0,3,140,0,0,3,72,0,0
 E1-01,T,M,PRE,Colin,25207,141874,0,210575,14932,744502,14930,207474,1767,105393,83161,103950,0,0,36289,101723,3303,4920,1,8,27,0,62,6,47,5,3,8,11,1,13,14,30,0,0,7,35,1,1
 E10-10F,C,F,PRE,Colin,45502,189504,0,146588,13064,330146,0,97941,0,0,0,25866,0,0,17598,243817,689974,0,0,31,39,0,69,5,46,0,0,7,0,0,0,0,15,0,0,7,73,3,0
 E10-13M,C,M,PRE,Colin,97035,275698,3594,202330,2629,709091,0,9097,0,0,2650,232428,0,0,61205,202771,0,1472,0,38,80,2,115,1,51,0,1,2,1,0,0,1,63,0,0,13,88,0,1
 E1-02,T,M,PRE,Colin,53293,141524,0,91443,28968,687648,7407,308871,80672,3328,121503,36255,0,0,8,197416,36101,5463,3,12,28,0,36,6,30,3,2,19,66,14,1,15,15,0,0,1,38,3,3
 E1-04,T,M,PRE,Colin,121237,154567,9991,229960,0,956678,0,0,0,0,0,79567,0,1042,137163,107086,2709,0,0,33,53,3,109,0,78,0,0,0,1,0,0,0,37,0,1,10,48,1,0
 E1-05,T,F,PRE,Colin,116278,215792,13074,185712,16238,750728,0,17181,0,0,0,223625,0,0,44863,185351,20493,10665,1,33,51,8,75,1,45,0,0,4,0,0,0,0,55,0,0,8,60,5,8
 E11-03F,C,F,PRE,Colin,67365,191822,0,122482,4789,663227,0,153544,0,0,0,260229,0,0,0,163206,167065,6271,0,25,43,0,92,2,28,0,0,16,0,0,0,0,74,0,0,0,56,10,1
 E11-03M,C,M,PRE,Colin,43881,133549,0,79375,342447,896778,0,31084,0,0,0,13613,0,0,65865,46723,146685,0,0,11,29,0,40,15,25,0,0,2,0,0,0,0,12,0,0,4,20,2,0
 E11-13F,C,F,PRE,Colin,93429,135805,0,116865,185405,492055,13898,316313,0,0,2413,48860,0,0,0,167874,223795,3288,8,23,37,0,43,22,33,5,1,26,6,0,0,1,17,0,0,0,47,12,1
 E12-08M,T,M,PRE,Colin,130601,312557,0,178216,77414,461696,5949,63157,24037,776,121075,145078,0,0,33643,211976,29700,4125,1,37,58,0,104,22,48,6,0,6,32,12,1,36,55,0,0,6,72,2,2
 E12-10F,T,F,PRE,Colin,274459,25193,0,305390,0,567602,0,4411,400,0,0,260115,0,0,633,336407,13797,11593,1,116,25,0,228,0,78,0,0,2,0,1,0,0,107,0,0,1,139,4,15
 E12-12F,T,F,PRE,Colin,116165,314710,0,254367,5517,192537,8,74473,0,0,0,262095,0,17715,0,390486,168779,3148,0,60,76,0,188,3,37,1,0,10,0,0,0,0,115,0,14,0,132,23,6
 E13-AM,T,M,PRE,Colin,119014,181659,1519,218839,0,296006,0,39349,416,0,0,270186,0,0,144270,279447,244610,4685,0,54,45,1,153,0,43,0,4,10,3,1,0,0,104,0,0,24,92,31,5
 E13-BF,T,F,PRE,Colin,141391,243727,0,92992,0,241481,0,78223,0,0,0,88133,0,0,73827,399993,437547,2686,0,56,54,0,79,0,22,0,0,11,0,0,0,0,38,0,0,18,109,43,2
 E13-BM,T,M,PRE,Colin,254179,94742,0,309118,840,240311,0,43612,0,0,0,146424,0,0,12636,508167,184539,5432,0,147,53,0,234,1,34,0,0,15,0,0,0,0,72,0,0,7,206,9,8
 E13-CF,T,F,PRE,Colin,200203,193577,0,195694,920,303595,0,53154,0,0,0,107036,0,0,85953,320249,338979,640,0,78,78,0,119,1,45,0,2,12,0,0,0,0,65,0,0,27,139,39,1
 E13-DF,T,F,PRE,Colin,126425,165015,0,170563,9094,209243,1375,112214,576,0,1842,196031,0,0,130042,198873,471560,7147,0,54,49,0,135,3,26,1,1,26,0,1,0,2,82,0,0,16,98,35,7
 E14-07M,T,M,PRE,Colin,238251,151516,0,326533,0,200645,0,111804,0,0,4465,196743,0,0,42392,428173,86796,12682,0,135,70,0,240,0,39,0,2,12,0,0,0,2,121,0,0,13,195,13,17
 E14-09Fa,T,F,PRE,Colin,89657,182258,0,166159,7784,345655,0,91635,0,0,0,86662,0,1075,47787,269234,509799,2295,1,46,58,0,108,1,25,0,0,17,0,0,0,0,58,0,1,13,98,32,2
 E15-01F,C,F,PRE,Colin,103788,138102,0,70078,3623,231548,2480,13832,608,0,0,82579,0,0,92503,236725,822198,1936,0,42,30,0,55,1,38,2,0,4,0,1,0,0,33,0,0,14,69,20,2
 E15-02F,C,F,PRE,Colin,85902,135360,0,167249,18778,109365,1322,147117,0,0,0,172211,0,0,34339,135335,792092,930,0,49,43,0,135,5,41,1,0,11,0,0,0,0,81,0,0,6,76,16,1
 E15-07M,C,M,PRE,Colin,119938,65775,17723,218307,0,865478,0,11453,0,0,0,365828,0,0,679,113478,19703,1638,0,58,45,7,173,0,92,0,0,4,1,0,0,0,107,0,0,1,74,4,3
 E15-09M,C,M,PRE,Colin,100890,238570,2231,212407,610,124766,496,29682,2209,0,26022,444162,0,0,271996,207702,131230,7027,0,50,78,1,213,1,25,1,3,10,1,2,0,10,150,0,0,36,105,12,9
 E16-05F,T,F,PRE,Colin,62385,72950,0,83660,572507,647416,0,50637,0,0,0,41887,0,0,121087,84427,60526,2518,2,22,24,0,42,11,44,0,0,3,0,0,0,0,20,0,0,20,35,9,3
 E16-07F,T,F,PRE,Colin,81702,163106,0,103476,31469,462574,14108,168262,8640,18098,84704,40586,0,724,86570,263550,267201,5230,2,32,66,0,67,12,35,11,9,23,35,1,5,29,19,0,1,20,98,17,5
 E16-11F,T,F,PRE,Colin,235484,302191,1817,129898,0,344456,0,30597,0,0,0,226150,0,0,27956,295716,191058,14677,0,77,53,1,113,0,61,0,0,7,0,0,0,0,89,0,0,1,102,7,18
 E16-12F,T,F,PRE,Colin,100885,225011,0,124305,3504,439189,0,180235,0,0,0,122140,0,0,95378,252758,254308,2287,0,34,46,0,78,2,51,0,0,7,0,0,0,0,59,0,0,6,67,3,3
 E16-15M,T,M,PRE,Colin,101789,200312,0,170964,28727,375057,13973,54764,9514,6730,20182,277545,0,0,42616,188178,305894,3755,1,41,47,0,151,10,53,8,1,10,15,3,4,12,94,0,0,9,75,15,5
 E17-01M,T,F,PRE,Colin,58071,33127,0,18973,233808,231040,623,226223,0,0,0,6462,0,0,253527,81702,648887,7557,0,27,7,0,11,4,24,1,0,11,0,0,0,0,1,0,0,21,35,13,11
 E17-05F,T,F,PRE,Colin,115863,104323,0,93568,78183,263048,0,18029,0,0,0,39372,0,0,308144,135496,642838,1136,2,42,36,0,53,5,25,0,0,6,0,0,0,0,16,0,0,32,60,11,1
 E17-08F,T,F,PRE,Colin,115744,234144,0,201603,0,506634,0,97028,0,0,0,198426,0,0,144738,284730,9680,7273,1,57,66,0,150,0,61,0,4,12,0,0,0,0,106,0,0,18,97,3,8
 E18-03F,T,F,PRE,Colin,82814,141269,11396,293372,4223,454795,0,165120,0,0,1640,162950,0,2944,0,130433,343099,5945,7,48,62,7,158,3,74,0,0,11,0,0,0,1,81,0,1,0,76,8,6
 E18-05F,T,F,PRE,Colin,126553,305649,0,110681,21332,361989,1598,152616,0,0,0,65712,0,0,7242,313031,328575,5022,0,49,53,0,77,5,48,3,0,10,0,0,0,0,33,0,0,1,80,7,4
 E18-08M,T,M,PRE,Colin,70845,173591,0,247739,172682,387120,16183,201110,56618,29836,121955,29608,0,0,0,169578,121830,1305,7,28,43,0,87,42,24,14,3,9,87,13,6,28,12,0,0,0,59,5,2
 E18-09M,T,M,PRE,Colin,100091,162987,65612,401416,3554,397299,0,105188,511,0,0,185066,0,0,14254,332497,24417,7108,0,43,45,19,144,2,29,0,0,14,0,1,0,0,82,0,0,6,109,7,11
 E20-01M,T,M,PRE,Colin,111713,121643,61251,406947,26255,564691,344,785,440,18234,76449,237041,0,0,43056,116857,0,14294,3,44,86,14,254,12,68,1,68,1,11,1,9,38,130,0,0,24,91,0,15
 E20-02F,T,F,PRE,Colin,329815,74506,0,174556,54932,341433,3769,29926,0,0,0,73527,0,0,105928,269597,324881,17130,0,83,32,0,136,7,43,3,0,6,0,0,0,0,45,0,0,12,75,26,17
 E20-03F,T,F,PRE,Colin,299827,61364,0,318946,0,425713,0,72293,0,0,1094,179980,0,0,6734,349061,77999,6989,0,123,43,0,220,0,73,0,0,11,1,0,0,1,100,0,0,5,145,15,9
 E20-04F,T,F,PRE,Colin,178921,49399,0,246723,17833,261645,0,142487,0,0,881,147183,0,0,60499,240739,440181,13314,0,94,48,0,158,3,34,0,0,14,1,0,0,1,98,0,0,9,122,19,13
 E20-07F,T,F,PRE,Colin,166863,128585,0,217063,0,185374,0,1585,0,0,0,316803,0,0,88812,133348,0,7380,0,85,38,0,180,0,34,0,0,3,0,0,0,0,110,0,0,13,99,0,9
 E20-09F,T,F,PRE,Colin,259071,161996,3372,208694,18431,249782,408,16124,0,0,0,144398,0,0,45967,492720,181164,17873,0,131,76,1,148,5,44,1,0,3,0,0,0,0,77,0,0,18,194,17,23
 E2-01,C,M,PRE,Colin,0,21880,0,87774,203235,94401,39152,116279,527941,561662,147676,0,0,0,0,0,0,0,0,0,14,0,10,13,7,26,2,33,157,49,89,56,0,0,0,0,0,0,0
 E2-03,C,F,PRE,Colin,99563,318322,9457,367652,2675,426533,0,35176,0,0,0,208451,0,0,56162,273611,0,2398,0,41,63,2,178,1,52,0,2,5,0,0,0,0,111,0,0,11,85,0,2
 E2-04,C,M,PRE,Colin,115710,67577,0,284985,157896,501570,7508,104680,77167,17666,142415,61309,0,0,11965,242144,7408,0,10,55,51,0,118,49,70,6,1,23,46,24,7,20,40,0,0,3,84,1,0
 E21-02F,C,F,PRE,Colin,110555,141902,0,236394,3176,230634,0,37612,856,0,0,189756,0,0,199416,340040,295927,13732,1,44,51,0,166,1,45,0,0,2,0,1,0,0,93,0,0,18,103,26,12
 E21-03M,C,M,PRE,Colin,110119,161933,0,178621,7871,270132,0,57272,0,0,0,169607,0,0,77480,176517,580007,10441,2,49,39,0,109,2,18,0,0,2,0,0,0,0,63,0,0,12,65,15,11
 E21-05F,C,F,PRE,Colin,110610,294272,0,221818,40910,479117,0,126426,530,0,0,111834,0,0,86098,239270,82191,6924,1,49,63,0,126,15,38,0,0,12,0,1,0,0,57,0,0,21,87,12,8
 E21-07M,C,M,PRE,Colin,171998,177634,0,255900,0,595832,0,66119,0,0,0,228497,0,0,138912,155821,1231,8056,4,66,43,0,178,0,72,0,0,6,0,0,0,0,92,0,0,25,75,1,13
 E21-08F,C,F,PRE,Colin,159255,261379,0,220897,3572,191961,731,86218,0,0,7362,290577,0,0,161511,315373,96810,4354,0,89,84,0,199,4,31,1,0,14,2,0,0,6,162,0,0,32,158,12,8
 E21-09M,C,M,PRE,Colin,277887,128191,0,334053,3761,311753,537,0,1912,0,0,288362,0,0,78939,212774,154908,6923,1,84,57,0,257,2,80,1,0,0,0,1,0,0,154,0,0,13,125,5,10
 E22-02F,T,F,PRE,Colin,116574,258201,0,352036,1407,413458,1564,37132,0,0,0,135654,0,0,21106,445403,0,17465,0,73,74,0,186,2,52,2,0,5,1,0,0,0,69,0,0,2,161,0,16
 E22-03M,T,M,PRE,Colin,236707,233855,0,262134,0,137581,2625,75725,0,0,4183,224725,0,0,227955,286441,101498,6571,1,98,42,0,199,0,24,1,0,7,0,0,0,4,136,0,0,8,115,7,13
 E22-06M,T,M,PRE,Colin,154861,222909,0,290905,4655,359069,0,15667,486,0,2532,238174,0,0,153326,320298,25551,11567,0,79,76,0,229,1,39,0,9,4,0,1,0,2,162,0,0,50,164,3,11
 E22-07M,T,M,PRE,Colin,193708,145925,0,230875,0,204969,0,22912,0,0,26514,378612,0,0,340578,199390,48192,8325,0,71,46,0,198,0,26,0,4,8,1,0,0,9,156,0,0,60,117,2,14
 E22-14F,T,F,PRE,Colin,156860,130230,0,333385,2449,406315,0,117556,0,0,0,211014,0,0,18532,263482,154722,5455,0,62,50,0,193,1,61,0,0,13,0,0,0,0,105,0,0,5,97,12,10
 E24-06M,T,M,PRE,Colin,33892,105589,0,126449,5094,536230,7269,185427,20518,0,48011,104915,0,0,49389,211677,360903,4637,0,19,46,0,78,3,40,5,3,21,23,4,0,11,49,0,0,16,70,37,3
 E24-07M,T,M,PRE,Colin,11689,167022,0,149139,394180,810117,0,0,0,79517,12787,65496,0,0,2559,74363,31081,1581,1,9,23,0,64,18,27,0,5,0,1,0,10,5,23,0,0,2,25,4,1
 E24-10F,T,F,PRE,Colin,146967,66319,4682,284003,1000,678389,0,47167,887,0,345,303421,0,297,1399,224777,23654,16693,0,66,38,3,183,1,82,0,0,4,1,1,0,1,117,0,1,1,98,3,22
 E24-13M,T,M,PRE,Colin,166886,117771,0,236480,18639,309899,2148,114449,984,0,0,282982,0,0,84470,375618,83351,6323,3,82,84,0,187,10,44,3,3,17,3,1,0,0,95,0,0,30,176,5,5
 E24-14F,T,F,PRE,Colin,113934,164312,5755,289900,8852,317566,0,25095,0,0,0,491285,0,11038,28973,237085,99672,6533,1,70,47,5,234,4,36,0,0,3,0,0,0,0,209,0,6,8,119,23,11
 E24-15M,T,M,PRE,Colin,116608,188241,0,201050,6990,610993,391,0,688,72534,100809,144425,0,0,76452,235528,27307,17984,1,37,49,0,127,1,35,1,76,0,7,1,19,26,69,0,0,30,85,6,8
 E25-02F,T,F,PRE,Colin,184216,266884,0,262011,23449,403040,1059,52998,0,0,2684,152869,0,3365,10669,381560,40288,14908,1,116,114,0,204,16,51,1,0,18,1,0,0,2,100,0,3,9,214,9,19
 E25-04F,T,F,PRE,Colin,127825,220273,0,115606,0,381737,585,10791,0,0,0,95874,0,2536,87117,508000,240295,9361,0,50,33,0,82,0,47,1,1,5,0,0,0,0,46,0,2,17,95,14,15
 E25-05M,T,M,PRE,Colin,123714,92241,0,189233,8099,667625,0,0,0,0,0,249393,0,0,28801,358087,74032,8775,0,49,26,0,155,4,42,0,0,0,0,0,0,0,98,0,0,4,85,4,6
 E25-06M,T,M,PRE,Colin,108533,226431,0,101966,3621,261244,0,519,0,0,0,52128,0,0,81514,269836,690061,4147,0,36,34,0,65,2,27,0,13,1,1,0,0,0,20,0,0,13,61,6,7
 E25-07M,T,M,PRE,Colin,54832,348617,0,115378,26872,341781,5210,121355,0,16909,67552,47977,0,14,28268,254963,348289,21983,0,28,72,0,70,16,38,4,9,29,24,0,4,15,25,0,1,5,74,32,13
 E25-08F,T,F,PRE,Colin,170359,67492,12957,256589,15088,713746,1130,30224,0,0,0,314783,0,0,0,181437,31851,4344,0,65,42,6,178,6,74,2,0,9,0,0,0,0,106,0,0,0,99,4,5
 E26-01F,C,F,PRE,Colin,65520,146490,3828,224611,2418,588407,0,3835,0,0,4206,322840,0,0,12050,416821,0,8333,0,34,41,3,147,2,32,0,0,3,0,0,0,5,109,0,0,8,95,0,8
 E26-02F,C,F,PRE,Colin,112957,284528,0,68561,0,287437,1016,4362,0,0,0,27382,0,0,379200,293257,332766,8534,0,51,52,0,50,0,22,1,0,3,0,0,0,0,13,0,0,25,79,12,13
 E26-03M,C,M,PRE,Colin,92408,183550,40391,241585,1434,386467,874,68841,0,18248,180722,136661,0,0,56054,288997,85585,18183,0,41,65,11,160,1,54,1,62,17,2,0,9,42,84,0,0,28,118,7,14
 E26-04F,C,F,PRE,Colin,126062,29228,29456,335420,0,522947,0,0,625,0,0,449195,0,0,58454,144280,88086,16247,0,44,18,5,190,0,42,0,0,0,0,1,0,0,130,0,0,6,78,6,14
 E26-05M,C,M,PRE,Colin,103086,114978,68610,182786,9713,520841,0,7275,0,0,0,217559,0,0,331758,162418,73986,6990,0,42,46,20,138,5,44,0,50,3,0,0,0,0,88,0,0,33,73,6,7
 E26-07M,C,M,PRE,Colin,139456,166691,0,142635,24974,197548,0,195576,817,6293,52973,104803,0,0,46077,155800,559542,4308,0,48,49,0,94,16,30,0,15,8,5,1,3,24,48,0,0,13,69,8,9
 E27-02M,C,M,PRE,Colin,92545,110868,0,206343,40646,601115,0,238855,0,0,0,97294,0,0,1825,120462,281652,8395,0,40,39,0,109,15,49,0,0,23,0,0,0,0,54,0,0,1,63,20,10
 E27-03M,C,M,PRE,Colin,121448,154863,85078,266611,12206,218911,0,0,663,27447,46053,368902,0,0,88377,312678,84226,12537,0,62,51,14,206,5,35,0,15,0,2,2,4,12,134,0,0,23,102,6,11
 E27-04M,C,M,PRE,Colin,117205,157493,48453,262477,1302,343132,0,4624,0,12885,102085,426038,0,0,126640,172032,0,25634,1,27,55,16,150,1,31,0,123,2,6,0,4,22,94,0,0,28,68,0,9
 E27-06M,C,M,PRE,Colin,76215,189242,0,222327,34915,465569,52436,73926,10413,40064,88000,143298,0,0,19947,257148,124021,2479,1,29,59,0,132,10,62,17,6,15,84,4,6,23,55,0,0,8,80,11,4
 E27-08F,C,F,PRE,Colin,136861,165312,19889,142108,6710,338139,725,242148,0,0,790,208150,0,0,31183,371821,121911,14253,0,84,59,10,118,3,50,1,0,17,0,0,0,1,66,0,0,5,122,9,21
 E27-09M,C,M,PRE,Colin,109297,135768,22594,283816,21449,380166,0,10079,2695,2191,13938,142017,0,0,299271,349498,14949,12272,1,51,63,5,159,8,41,0,17,4,0,3,1,8,107,0,0,56,135,5,7
 E1-01,T,M,PRE,Colin,10156,92305,0,158500,57678,970823,42367,3908,174725,47948,95220,117464,0,0,0,28906,0,0,0,2,38,0,65,17,59,18,2,2,46,44,10,35,32,0,0,0,13,0,0
 E3-05,T,M,PRE,Colin,13050,139895,8176,377423,11193,607526,0,32943,2929,69621,94392,267313,0,0,13733,161806,0,0,2,10,63,3,142,3,47,0,11,5,4,2,16,35,90,0,0,2,50,0,0
 E3-07,T,M,PRE,Colin,43563,194781,1383,349718,8199,809527,0,12498,619,0,0,196315,520,0,5183,171517,4567,1610,0,28,52,2,190,3,53,0,0,4,1,1,0,0,101,1,0,2,70,2,2
 E4-01,C,F,PRE,Colin,100817,73391,6169,269278,9063,477882,0,149054,3121,0,7895,474313,0,0,408,193552,27661,7396,2,46,34,4,146,1,45,0,0,10,0,1,0,2,82,0,0,1,64,3,4
 E4-03,C,F,PRE,Colin,74529,101040,14495,379970,776,482247,0,127198,0,0,0,441894,0,0,1251,173206,0,3394,2,37,32,9,189,1,76,0,0,4,0,0,0,0,103,0,0,1,61,0,2
 E4-05,C,F,PRE,Colin,182328,64625,4335,320716,0,549488,0,57261,0,0,894,393206,0,0,0,224954,0,2193,0,66,23,3,221,0,61,0,0,7,0,0,0,2,123,0,0,0,71,0,2
 E44-01F,C,F,PRE,Colin,170900,101376,0,128135,48991,400244,0,35524,0,0,0,75743,0,39,412041,263021,153988,9766,1,83,46,0,140,9,67,0,1,9,0,0,0,0,36,0,1,58,130,58,15
 E44-03F,C,F,PRE,Colin,138374,166480,0,134737,24224,453424,0,3789,0,0,0,121213,0,0,231224,211015,307005,8361,1,66,41,0,137,8,86,0,0,3,0,0,0,0,51,0,0,30,94,57,5
 E44-04M,C,M,PRE,Colin,59148,90577,0,84313,4605,184580,0,4140,909,0,0,34740,0,0,136475,51456,1139873,8731,2,36,16,0,79,2,34,0,0,3,0,1,0,0,23,0,0,11,27,25,7
 E44-05M,C,M,PRE,Colin,82272,142748,0,115927,1557,313704,0,0,0,0,0,60681,0,0,205818,116150,759912,576,0,40,41,0,104,2,51,0,0,0,0,0,0,0,22,0,0,23,61,25,1
 E44-06M,C,M,PRE,Colin,217767,35171,1042,91847,0,137356,0,0,782,0,0,44412,0,956,590506,223568,443549,12362,2,86,21,1,94,0,55,0,2,0,0,1,0,0,25,0,1,44,90,36,14
 E44-07M,C,M,PRE,Colin,134871,53964,1197,47163,0,161730,0,3206,0,0,0,9720,0,0,170682,115954,1089167,12058,0,51,13,1,47,0,18,0,0,2,0,0,0,0,8,0,0,19,45,35,12
 E44-08M,C,M,PRE,Colin,141129,82434,0,134903,3167,323024,0,287572,0,0,0,276348,0,0,202363,212265,121417,14837,0,76,34,0,140,3,55,0,0,18,0,0,0,0,79,0,0,29,103,37,14
 E45-02F,C,F,PRE,Colin,26113,14078,0,331534,8399,1160158,0,38703,0,0,0,157608,0,0,28241,31904,0,0,0,10,3,0,49,1,21,0,0,4,0,0,0,0,34,0,0,4,9,0,0
 E45-04M,C,M,PRE,Colin,52865,63776,0,81679,4013,279930,0,73653,0,0,0,41525,0,0,184528,129340,845477,23681,2,33,22,0,64,4,53,0,0,8,0,0,0,0,23,0,0,19,51,39,11
 E45-05M,C,M,PRE,Colin,137358,44162,0,41894,100085,482598,0,91237,0,0,1596,5458,0,0,108054,106770,665551,14982,1,44,18,0,42,4,46,0,0,13,0,0,0,1,6,0,0,19,40,50,15
 E45-06M,C,M,PRE,Colin,356523,112238,0,171455,7,398567,0,20574,0,0,0,130851,0,2148,145751,378928,52305,30508,0,89,21,0,144,1,53,0,0,1,0,0,0,0,46,0,2,17,93,7,20
 E45-07M,C,M,PRE,Colin,185844,101098,0,132068,148894,472329,1355,24889,0,0,0,41013,0,1200,143194,148736,390587,7524,0,87,36,0,133,20,74,1,0,7,0,0,0,0,23,0,1,28,111,63,6
 E45-08M,C,M,PRE,Colin,168336,85866,0,112379,1819,354546,0,18816,0,37275,29436,8549,0,0,172613,169371,626842,12765,1,53,36,0,73,2,38,0,9,5,0,0,3,8,10,0,0,32,80,20,8
 E46-01F,C,F,PRE,Anthony,48969,19403,760,412347,911,776400,0,12857,0,0,0,337510,0,0,120363,68040,0,0,0,17,9,1,121,1,37,0,0,3,0,0,0,0,88,0,0,10,19,0,0
 E46-02F,C,F,PRE,Anthony,252153,49900,0,149430,309307,514971,0,64215,0,0,0,36256,0,0,124397,118832,179536,0,0,32,4,0,35,12,21,0,0,6,0,0,0,0,13,0,0,9,19,2,0
 E46-03F,C,F,PRE,Anthony,207688,26612,0,263100,267371,450285,0,17930,0,0,152,93450,0,0,232754,228266,10587,0,0,39,4,0,74,4,25,0,1,5,0,0,0,1,38,0,0,23,27,2,0
 E46-04F,C,F,PRE,Colin,203573,309934,0,179777,1781,133056,0,2082,0,0,0,189831,0,1426,287069,318749,164861,7627,0,100,125,0,183,3,42,0,0,2,0,0,0,0,89,0,1,70,218,40,12
 E46-05M,C,M,PRE,Colin,51960,319779,0,82329,0,269903,456,17321,0,0,0,220660,0,0,290892,250475,292337,3249,1,20,62,0,107,0,60,1,0,5,1,0,0,0,63,0,0,45,97,56,3
 E46-06F,C,F,PRE,Colin,107911,212711,0,56816,14505,513649,10,4809,0,0,0,70087,0,0,544014,136149,129251,9527,0,63,30,0,77,2,55,1,0,3,0,0,0,0,20,0,0,48,72,22,17
 E46-08F,C,F,PRE,Anthony,73028,3005,0,145151,23662,1418020,0,10328,0,0,0,11356,0,0,28167,84956,0,0,0,16,2,0,37,2,20,0,0,4,0,0,0,0,9,0,0,6,22,0,0
 E46-09M,C,M,PRE,Colin,163701,137801,0,108893,0,219298,0,4887,0,0,0,274687,0,578,387585,261150,229701,11113,0,57,42,0,108,0,31,0,0,2,0,0,0,0,46,0,1,42,100,23,12
 E47-02F,C,F,PRE,Anthony,81091,31052,0,547706,165725,330856,0,220300,0,0,0,216306,0,0,50652,116424,38601,0,0,23,5,0,142,30,32,0,0,30,0,0,0,0,91,0,0,11,22,2,0
 E47-03F,C,F,PRE,Anthony,73709,36251,0,434126,446844,370637,0,84481,0,0,0,128871,0,0,80451,138559,3504,0,0,25,3,0,99,22,37,0,0,9,0,0,0,0,48,0,0,11,33,1,0
 E47-01F,C,F,PRE,Anthony,216959,4857,0,432055,2360,765690,0,90549,0,0,0,61603,0,0,24362,140544,58137,0,0,49,2,0,89,2,24,0,0,16,0,0,0,0,29,0,0,4,25,4,0
 E47-07M,C,M,PRE,Colin,176340,121175,0,171821,1068,243320,0,0,955,5670,82048,206349,0,0,138514,186215,455294,10939,2,48,50,0,157,1,37,0,58,0,0,1,7,31,60,0,0,23,97,21,8
 E47-08M,C,M,PRE,Colin,166421,116759,0,198471,372,396192,0,1299,0,0,9061,469687,0,0,154156,215070,51872,19515,0,62,35,0,190,1,79,0,0,1,1,0,0,1,118,0,0,11,89,14,20
 E48-02F,C,F,PRE,Colin,279818,35655,0,118610,0,71731,0,240270,0,0,0,5347,0,0,53940,321785,653305,19130,0,122,21,0,84,0,8,0,0,16,0,0,0,0,6,0,0,13,131,32,20
 E48-05F,C,F,PRE,Colin,143583,91161,0,152112,0,418435,574,489,0,0,0,264528,0,7563,284579,291096,126991,18519,0,83,49,0,160,0,34,1,1,1,0,0,0,0,94,0,4,45,154,17,24
 E48-06F,C,F,PRE,Colin,287762,60809,435,90795,75130,155455,0,8356,0,0,0,106825,0,0,274915,403582,320502,14708,3,125,36,1,119,11,37,0,0,2,0,0,0,0,36,0,0,40,154,50,20
 E48-08M,C,M,PRE,Colin,60908,120908,0,40708,342566,230522,0,13419,0,0,0,37657,0,0,174930,45138,717656,15282,0,12,22,0,47,20,31,0,0,1,0,0,0,0,14,0,0,16,28,33,5
 E50-01F,T,F,PRE,Colin,181944,97881,651,146470,56826,361410,0,111684,0,0,2940,162117,0,0,32693,332765,289908,21426,3,92,52,1,162,11,59,0,0,18,0,0,0,1,66,0,0,7,145,54,18
 E50-02F,T,F,PRE,Colin,169688,71005,2054,227932,11005,469308,0,24818,0,0,0,360326,0,0,62239,298106,62053,40971,5,83,47,1,251,4,97,0,1,8,0,0,0,0,147,0,0,12,154,28,26
 E50-03M,T,M,PRE,Colin,87093,110687,0,116684,432,792925,0,2220,0,0,0,283495,0,6367,208999,105033,75505,10133,0,48,49,0,127,1,66,0,1,2,0,0,0,0,84,0,2,32,84,22,11
 E50-04M,T,M,PRE,Colin,143456,75372,0,74580,465,474171,0,12833,0,0,0,55626,0,0,281922,136260,524076,21041,0,67,31,0,74,1,51,0,0,4,0,0,0,0,28,0,0,27,67,32,24
 E50-05M,T,M,PRE,Colin,114038,121973,0,47001,0,237665,0,16947,0,0,0,17460,0,0,270720,195795,760419,17777,3,50,27,0,45,0,27,0,0,5,0,0,0,0,14,0,0,24,66,21,17
 E50-06M,T,M,PRE,Colin,82654,120738,0,103107,226488,379640,0,0,0,1438,36915,38101,0,0,383084,218263,196389,12663,0,42,61,0,99,21,31,0,67,0,0,0,1,16,23,0,0,47,86,30,10
 E50-07M,T,M,PRE,Colin,129602,155278,0,84645,284994,284186,0,17051,851,0,29583,50262,0,0,393439,146796,210598,12558,3,74,68,0,107,17,55,0,20,4,0,1,0,13,25,0,0,61,96,32,16
 E50-08M,T,M,PRE,Colin,84497,120993,0,118226,9129,265685,0,14511,0,0,0,37837,0,0,332626,122776,683183,10242,0,54,32,0,110,4,59,0,0,2,0,0,0,0,22,0,0,21,78,26,10
 E5-03,T,F,PRE,Colin,204280,134808,7558,258223,12572,376908,0,28636,0,0,1592,457465,0,0,139077,169233,2959,6689,0,42,52,2,143,5,35,0,3,3,1,0,0,2,113,0,0,27,55,1,6
 E5-04,T,M,PRE,Colin,44113,78903,75349,417078,23440,599587,0,0,0,191074,66314,256662,0,0,608,46872,0,0,0,12,56,32,198,8,39,0,41,0,6,0,39,34,107,0,0,1,32,0,0
 E5-05,T,F,PRE,Colin,342982,134382,815,271118,1091,253619,0,43736,0,0,5957,378450,0,0,25161,303349,0,39340,0,55,44,1,144,1,26,0,3,6,0,0,0,1,99,0,0,11,68,0,25
 E5-06,T,M,PRE,Colin,19064,16502,26912,376981,7658,499876,1200,0,0,235711,473485,98151,2488,0,17645,12637,0,11690,1,1,15,5,96,3,36,1,52,0,14,0,55,91,35,1,0,7,7,0,11
 E5-07,T,M,PRE,Colin,18039,71786,0,236651,59031,740793,55628,94073,42875,24967,368235,39953,0,0,12045,32029,0,3895,1,5,30,0,73,20,41,23,12,12,56,9,9,48,19,0,0,6,19,0,3
 E5-08,T,M,PRE,Colin,163947,141550,2845,304584,41087,359096,0,39490,0,17022,23788,377418,1250,0,133702,169162,13303,11756,0,41,40,3,121,3,26,0,71,2,10,0,5,16,90,1,0,14,59,1,8
 E51-02F,T,F,PRE,Anthony,163206,74935,0,548905,84125,364733,0,179844,0,0,1425,234664,0,0,4080,108897,30485,0,0,27,5,0,96,10,19,0,0,22,0,0,0,1,53,0,0,3,19,2,0
 E51-05M,T,F,PRE,Anthony,76386,76743,0,232524,639286,188811,0,4486,0,0,0,72350,0,0,35673,154909,318040,0,0,28,14,0,75,7,15,0,0,2,0,0,0,0,31,0,0,5,28,1,0
 E51-06M,T,M,PRE,Anthony,214851,145541,15902,375511,86895,358350,536,17419,0,5433,107649,208609,0,0,29507,232346,0,0,0,44,30,3,100,6,22,1,0,5,1,0,5,14,49,0,0,6,61,0,0
 E51-07M,T,M,PRE,Anthony,56341,135025,13576,591625,114675,281483,0,12823,0,217354,45950,168138,0,0,2817,122839,35065,0,0,8,12,2,96,14,20,0,0,1,0,0,31,24,35,0,0,1,18,2,0
 E51-08M,T,M,PRE,Anthony,147701,395480,0,412378,3391,218970,0,11234,0,32901,5309,406531,0,0,59247,105093,0,0,0,31,42,0,111,1,15,0,0,2,0,0,2,1,63,0,0,8,33,0,0
 E51-04M,T,M,PRE,Colin,63452,118088,50399,204286,4346,316900,0,0,0,0,7110,604455,0,504,175121,132177,110728,10367,0,42,51,14,241,5,78,0,44,0,0,0,0,2,143,0,1,27,85,19,7
 E52-03M,T,M,PRE,Colin,45535,62619,2250,97831,57263,412855,0,1308,77999,0,55478,189712,0,0,103895,157020,535075,962,0,18,33,1,83,9,34,0,3,1,2,27,0,17,30,0,0,18,77,31,1
 E52-04M,T,M,PRE,Colin,40883,202721,0,117143,40730,484623,0,26237,22,4760,93515,135953,0,0,228024,133850,290189,1092,0,20,75,0,79,13,42,0,36,4,1,1,4,33,33,0,0,19,77,28,1
 E53-07M,T,M,PRE,Anthony,94646,53754,7121,404848,4272,214271,0,5346,0,1872,17594,103555,0,0,56721,176685,629321,27918,0,30,10,3,101,2,21,0,0,2,0,0,1,3,42,0,0,12,37,3,6
 E53-08M,T,M,PRE,Anthony,85711,97148,1710,299222,438257,507377,0,11168,0,0,0,138058,0,0,77376,97918,41901,0,0,18,9,2,76,5,25,0,0,1,0,0,0,0,42,0,0,9,17,4,0
 E53-01F,T,F,PRE,Colin,175831,147478,0,85670,1370,151249,0,260373,0,0,0,55038,0,0,96222,154079,660251,12334,2,87,40,0,89,1,23,0,0,25,0,0,0,0,25,0,0,16,83,43,20
 E53-02F,T,F,PRE,Colin,83770,153057,0,102526,78851,448180,2937,77710,0,0,402,61537,0,0,269377,200106,308288,12650,5,47,69,0,114,12,48,1,0,10,0,0,0,1,34,0,0,36,110,66,8
 E53-03F,T,F,PRE,Colin,276596,171771,0,165587,2027,151017,0,19141,0,0,0,98006,382,0,287802,443101,173105,11275,1,170,115,0,211,2,51,0,1,3,0,0,0,0,38,1,0,81,271,40,16
 E53-05M,T,M,PRE,Colin,114608,179691,0,74038,191762,155200,0,30741,0,0,1080,72463,0,0,313967,93014,563993,7654,0,50,45,0,78,16,44,0,40,8,0,0,0,1,21,0,0,31,61,40,11
 E53-06M,T,M,PRE,Colin,195213,104244,2148,105269,79377,376623,0,2073,0,0,0,190992,0,1083,258537,216529,258438,8931,1,85,43,1,135,4,48,0,9,2,0,0,0,0,80,0,1,44,114,32,15
 E6-03,T,F,PRE,Colin,37130,89828,4207,459713,2944,633450,0,0,0,0,0,272035,0,0,221630,77368,1695,0,0,17,42,2,152,2,34,0,1,0,0,0,0,0,98,0,0,13,25,1,0
 E6-05,T,F,PRE,Colin,92673,100224,1928,308378,2946,698652,1097,77473,0,0,1951,176898,0,0,25716,301140,6835,4089,2,32,41,2,129,4,47,2,2,11,0,0,0,2,65,0,0,6,67,2,3
 E6-06,T,M,PRE,Colin,34215,80726,1738,405841,3823,622665,0,13048,0,0,122641,271483,0,0,63631,158216,5521,16452,0,12,29,2,129,1,30,0,102,3,33,0,0,8,84,0,0,9,42,1,3
 E7-01,C,M,PRE,Colin,19854,94104,3140,684843,61102,273480,0,1017,7159,7139,108498,226428,0,0,151971,99655,57169,4441,0,14,45,2,186,14,37,0,149,2,6,1,2,11,96,0,0,26,51,2,2
 E7-02,C,M,PRE,Colin,98974,34800,0,44906,0,1345547,0,0,0,0,2012,29179,0,0,45135,179953,0,19494,0,23,7,0,23,0,18,0,0,0,0,0,0,1,9,0,0,4,27,0,8
 E7-03,C,M,PRE,Colin,520,33261,994,125662,722075,15718,136845,22521,113027,360648,213778,40881,0,0,4603,6900,0,2567,0,1,30,1,37,79,5,80,6,5,72,31,105,77,14,0,0,4,2,0,2
 E7-05,C,F,PRE,Colin,14927,12292,2790,220456,70352,197943,0,11529,0,0,0,113117,0,0,0,28711,1124988,2895,2,9,12,1,84,21,21,0,0,2,0,0,0,0,37,0,0,0,16,6,2
 E7-06,C,F,PRE,Colin,62975,106087,8397,225402,134338,428937,1936,27798,0,0,0,151659,0,0,235975,60900,340845,14751,0,19,28,4,95,13,41,1,0,5,0,0,0,0,54,0,0,26,16,15,11
 E7-08,C,F,PRE,Colin,53231,126002,17231,244183,57585,167431,0,8547,0,0,1115,41730,0,0,119624,96749,857989,8583,0,10,27,8,63,17,18,0,0,2,0,0,0,1,21,0,0,7,13,13,4
 E8-03F,C,F,PRE,Colin,75913,359037,0,307576,3616,544370,0,26887,0,0,682,210123,0,0,24945,246729,0,0,0,28,79,0,154,3,58,0,0,5,0,0,0,1,83,0,0,7,90,0,0
 E8-04F,C,F,PRE,Colin,60132,215025,0,252346,0,426272,0,64608,0,0,0,267699,0,0,114728,397661,0,1529,0,19,56,0,127,0,41,0,0,5,0,0,0,0,79,0,0,8,84,0,1
 E8-07Ma,C,M,PRE,Colin,147704,131526,0,101035,4893,842972,0,112677,935,0,0,97538,0,0,53407,206272,19098,1452,0,45,32,0,65,3,39,0,0,9,0,1,0,0,31,0,0,15,66,4,2
 E8-07Mb,C,M,PRE,Colin,36525,59146,11596,366690,2569,779318,1055,29127,0,0,0,305500,0,0,109033,88602,10095,744,1,15,23,5,134,2,29,1,1,1,0,0,0,0,82,0,0,9,29,1,1
 E8-14M,C,M,PRE,Colin,64808,204460,1008,197409,693,398943,0,401795,0,0,0,149652,0,0,20332,242858,116240,969,0,34,58,1,114,1,38,0,0,13,0,0,0,0,58,0,0,4,76,4,2
 E9-01Mb,C,M,PRE,Colin,51534,329799,1713,128158,1976,239928,0,198611,0,0,0,30613,0,0,0,250018,567650,0,6,29,53,1,56,1,40,0,0,12,0,0,0,0,14,0,0,0,68,22,0
 E9-05F,C,F,PRE,Colin,174801,195030,0,186397,4577,449896,0,251537,826,0,0,31738,0,0,0,493154,0,12044,1,60,44,0,84,1,46,0,0,11,1,1,0,0,13,0,0,0,83,0,5
 E9-09M,C,M,PRE,Colin,129945,145386,8942,255615,0,814937,0,1368,0,0,0,228821,0,0,69079,143580,0,2327,0,51,62,4,155,0,56,0,7,2,1,0,0,0,69,0,0,13,76,0,2
 E9-11M,C,M,PRE,Colin,145251,280443,0,332576,110291,462146,0,6975,0,0,0,51676,0,0,41935,331664,36603,440,1,54,79,0,128,7,33,0,0,1,1,0,0,0,41,0,0,6,124,3,1
 E9-13M,C,M,PRE,Colin,79192,278403,0,249149,0,698339,817,14387,0,30928,11237,175210,0,0,44862,199380,0,18096,1,37,66,0,157,0,64,1,14,4,1,0,5,6,85,0,0,4,79,0,11
 E10-02F,C,F,REP, Colin,12501,160072,9396,175845,38358,197384,0,81350,1635,0,15676,202450,0,0,525474,288984,90875,0,0,4,62,2,128,4,31,0,1,14,1,1,0,1,74,0,0,43,78,5,0
 E1-01,T,M,GDX, Colin,210003,71715,646,197957,8261,424848,0,297421,964,0,0,111083,1320,0,0,225921,240636,9225,0,79,32,2,150,4,74,0,0,25,0,3,0,0,36,1,0,0,98,14,10
 E10-10F,C,F,REP, Colin,273155,461056,0,70706,3886,121791,0,41499,0,0,0,52534,0,0,67751,664072,43550,0,0,114,81,0,64,3,13,0,0,17,1,0,0,0,21,0,0,13,192,10,0
 E10-13M,C,M,REP, Colin,18006,231296,0,113194,0,198010,0,112434,1392,0,0,103748,0,0,132206,193859,695855,0,0,6,45,0,75,0,27,0,0,18,0,1,0,0,43,0,0,16,68,26,0
 E1-02,T,M,SHAM, Colin,31597,270420,0,235961,0,208495,0,31826,1670,0,151052,305466,0,0,93739,411481,57032,1261,0,21,95,0,225,0,49,0,55,9,3,2,0,29,129,0,0,35,179,4,1
 E1-04,T,M,REP, Colin,71690,195403,0,263648,6111,312106,0,129319,0,0,0,344680,0,0,120093,325671,27427,3852,0,43,66,0,215,3,64,0,0,22,0,0,0,0,109,0,0,28,135,7,3
 E11-01F,C,F,REP, Colin,40285,100924,0,270063,699,596705,0,0,0,0,0,208519,0,2040,325200,152365,103200,0,0,16,27,0,149,1,81,0,0,0,0,0,0,0,69,0,1,26,59,12,0
 E11-03F,C,F,SHAM, Colin,64911,116919,0,134020,18794,187489,0,135077,0,0,0,93746,0,0,15416,239636,792801,1191,0,24,35,0,87,4,35,0,0,11,0,0,0,0,43,0,0,6,75,19,1
 E11-03M,C,M,GDX, Colin,79124,86231,0,246688,59317,362857,0,306687,0,0,0,179420,0,1548,3809,141912,332407,0,1,31,37,0,148,15,60,0,0,36,1,0,0,0,73,0,1,4,75,20,0
 E11-07F,C,F,REP, Colin,85966,213835,0,112720,7394,405516,0,165041,708,0,0,153098,0,0,142672,367291,139827,5932,0,44,54,0,96,2,49,0,2,15,0,1,0,0,50,0,0,27,119,16,4
 E11-11F,C,F,REP, Colin,194435,55049,0,209419,4659,362695,0,114397,0,0,0,242165,0,1042,152449,403897,51252,8541,0,102,31,0,184,1,56,0,0,14,0,0,0,0,77,0,1,9,139,7,9
 E12-01F,T,F,SHAM, Colin,58150,329062,0,290886,19039,230950,2870,160285,0,0,1849,221871,0,0,79238,383853,21947,0,0,31,81,0,199,5,56,1,0,33,1,0,0,1,85,0,0,9,138,7,0
 E12-08M,T,M,REP, Colin,49494,264789,13185,222382,19317,594498,0,0,0,59950,138890,241436,0,0,25191,125853,2640,42375,0,23,74,2,141,4,63,0,47,0,1,0,18,42,53,0,0,10,72,1,9
 E12-10Fa,T,F,REP, Colin,269922,105850,0,254756,77813,431167,0,43114,0,0,0,39259,0,0,2690,429203,145050,1176,0,79,32,0,149,11,80,0,0,7,0,0,0,0,20,0,0,2,114,10,1
 E12-12F,T,F,REP, Colin,95005,159595,0,240649,96438,730963,0,166902,781,0,852,47575,0,0,0,208298,52942,0,0,23,35,0,115,13,88,0,0,21,0,1,0,1,19,0,0,0,57,7,0
 E12-15F,T,F,SHAM, Colin,133032,64822,6727,278911,58666,460739,513,59371,0,0,0,136833,0,2293,130627,286604,178627,2235,0,68,28,1,199,8,84,1,1,22,0,0,0,0,62,0,1,14,120,24,2
 E13-01M,T,M,GDX, Colin,63530,148813,0,79581,513182,436938,58494,85294,94839,17738,120744,108988,0,0,716,70455,0,688,0,12,32,0,51,35,34,12,1,15,40,16,5,26,24,0,0,1,25,0,1
 E13-05F,T,F,REP, Colin,105804,297144,4085,116519,0,214432,0,222005,0,0,0,61121,0,1592,205232,456354,115712,0,0,45,57,2,93,0,21,0,0,10,0,0,0,0,29,0,1,33,129,12,0
 E13-06F,T,F,SHAM, Colin,9513,572452,0,236392,4063,87868,2943,241554,0,0,0,247529,0,0,24106,321977,51603,0,1,10,134,0,174,2,27,2,0,36,1,0,0,0,79,0,0,9,114,9,0
 E13-12Fa,T,F,GDX, Colin,253602,305461,0,125454,0,69066,0,34302,0,0,707,310304,0,1549,76602,584535,35085,3333,0,102,84,0,124,0,19,0,0,3,0,0,0,1,89,0,1,17,182,2,3
 E14-07M,T,M,SHAM, Colin,12694,261568,480,180130,6203,751717,0,77053,0,7775,296377,139009,0,0,600,64810,1584,0,0,6,66,1,126,2,67,0,51,12,1,0,4,64,53,0,0,1,42,1,0
 E14-09Fa,T,F,REP, Colin,287993,163725,0,114185,0,191449,0,239988,0,0,3144,154105,0,0,42773,398654,191487,12497,0,99,46,0,122,0,31,0,0,15,0,0,0,1,56,0,0,14,143,16,11
 E14-10Fa,T,F,GDX, Colin,113007,96908,0,165473,2205,577020,1542,44925,0,0,4151,111517,0,0,256172,376000,50565,515,0,45,31,0,113,1,53,1,0,4,0,0,0,2,37,0,0,25,118,9,1
 E14-12M,T,M,GDX, Colin,83496,253257,0,156395,59457,389645,14154,182875,5397,59153,110980,108216,0,0,32146,249498,93897,1434,0,40,49,0,104,14,39,9,4,38,65,2,7,22,36,0,0,6,89,10,2
 E15-01M,C,F,SHAM, Colin,26150,66989,4740,332346,37738,716160,0,39470,0,0,0,498095,0,0,0,70092,807,7413,0,14,33,1,213,15,120,0,0,18,0,0,0,0,116,0,0,0,49,1,6
 E15-02F,C,F,GDX, Colin,91071,81096,0,99935,119089,521230,0,231314,0,0,0,60889,0,0,294740,152736,143937,3963,0,39,26,0,75,14,50,0,0,10,0,0,0,0,22,0,0,9,57,13,3
 E15-07M,C,M,SHAM, Colin,103716,186305,11467,200287,1293,517143,0,0,0,0,39763,322707,0,0,212426,201587,0,3306,0,44,70,5,167,1,78,0,47,0,0,0,0,15,91,0,0,42,116,0,3
 E16-05F,T,F,GDX, Colin,60600,81737,0,345386,0,386568,0,23375,1398,0,1320,466681,0,12,150295,258165,21983,2480,0,44,31,0,270,0,90,0,0,9,0,1,0,1,150,0,1,39,140,5,3
 E16-07M,T,M,GDX, Colin,134008,410531,0,200598,4765,196358,0,102480,0,0,0,359767,0,0,22866,354376,9992,3833,0,53,100,0,176,3,54,0,0,12,0,0,0,0,96,0,0,4,148,2,5
 E16-11F,T,F,REP, Colin,189936,133761,0,195140,0,131344,0,293506,0,0,0,149311,0,0,62152,420838,221966,2046,0,78,48,0,156,0,26,0,0,34,0,0,0,0,60,0,0,19,152,17,3
 E16-12F,T,F,GDX, Colin,278092,120338,2541,173360,0,418044,0,35364,1226,0,0,125233,0,0,159418,422515,53664,10205,0,96,49,1,143,0,50,0,0,7,1,1,0,0,60,0,0,14,164,6,12
 E16-15M,T,M,REP, Colin,17952,76239,0,278739,109202,697782,0,0,2712,34060,291906,191149,0,0,0,84896,0,15363,0,7,34,0,168,35,83,0,111,0,1,1,17,63,60,0,0,0,52,0,6
 E17-01F,T,F,REP, Colin,176116,330806,0,149951,502,407309,0,14697,0,0,0,128107,0,0,36396,471516,84600,0,0,73,96,0,150,1,48,0,0,8,0,0,0,0,45,0,0,11,169,10,0
 E17-02M,T,M,GDX, Colin,92845,232484,0,184170,0,224942,0,172058,0,0,1875,217699,0,0,204351,355221,114355,0,0,44,68,0,162,0,61,0,0,16,1,0,0,1,63,0,0,21,140,4,0
 E17-04M,T,M,SHAM, Colin,89440,284295,1680,217715,0,231724,0,65126,0,0,0,241605,0,0,192331,400432,74704,948,0,41,74,1,168,0,47,0,0,9,0,0,0,0,83,0,0,25,142,7,1
 E17-05F,T,F,SHAM, Colin,168405,431883,0,211732,0,89825,0,30376,0,0,0,314339,0,1071,32605,462520,57244,0,0,74,123,0,206,0,21,0,0,5,0,0,0,0,79,0,1,12,203,10,0
 E17-08F,T,F,REP, Colin,74690,283504,0,187849,19372,313360,0,23947,0,4211,14866,269024,0,0,175761,347117,85467,480,0,43,89,0,168,3,77,0,15,3,0,0,2,5,77,0,0,32,141,8,1
 E18-03F,T,F,REP, Colin,109112,285544,0,222692,8867,295114,0,48938,0,0,0,235771,0,0,97345,366670,125811,4136,0,55,94,0,174,4,79,0,0,5,0,0,0,0,74,0,0,9,140,10,4
 E18-05F,T,F,SHAM, Colin,124487,273804,0,250394,962,223599,0,31404,0,0,0,394899,0,0,31429,462934,1218,4870,0,65,98,0,227,1,76,0,0,11,0,0,0,0,142,0,0,9,203,1,6
 E18-06F,T,F,GDX, Colin,136327,94278,5784,224790,26936,289735,0,201087,970,0,0,146525,0,0,82780,322154,267998,636,0,57,42,1,149,11,67,0,0,27,0,1,0,0,55,0,0,5,106,21,1
 E18-08M,T,M,GDX, Colin,102924,137193,0,184380,3420,90461,912,215473,2031,0,0,241118,0,0,53590,359753,408745,0,1,50,46,0,159,1,29,1,0,17,0,3,0,0,87,0,0,4,103,23,0
 E18-09M,T,M,SHAM, Colin,28682,267535,5755,281412,101571,326074,27247,62771,8508,83927,96115,149099,0,0,44631,221534,90021,5118,0,17,83,4,175,25,64,10,18,3,3,5,16,37,59,0,0,4,85,4,2
 E20-02F,T,F,REP, Colin,99708,153660,0,106236,3336,275391,1502,118755,0,0,0,69938,0,2520,37676,237686,687982,5610,1,45,32,0,87,1,63,1,0,8,0,0,0,0,26,0,1,7,79,36,5
 E20-03F,T,F,GDX, Colin,17096,65349,0,15726,17291,488926,949,15528,0,0,0,4044,0,0,568609,115884,490598,0,0,12,16,0,16,2,42,1,0,4,0,0,0,0,2,0,0,23,33,29,0
 E20-04F,T,F,SHAM, Colin,247440,178374,0,149601,54161,185883,0,133322,0,0,0,116180,0,15,67227,430654,213242,3711,0,103,59,0,142,10,54,0,0,15,0,0,0,0,45,0,1,9,149,21,5
 E20-07F,T,F,REP, Colin,215448,190473,0,75851,5008,217001,0,319351,0,0,0,60061,0,0,30026,331940,351788,3053,0,73,39,0,77,5,29,0,0,27,0,0,0,0,24,0,0,5,121,45,5
 E20-09F,T,F,REP, Colin,262325,113634,0,135208,1044,260650,0,31125,0,0,0,106838,0,0,107040,425228,348032,8876,0,98,40,0,99,1,47,0,0,7,0,0,0,0,34,0,0,20,154,37,14
 E2-02,C,F,GDX, Colin,0,79646,5220,76542,478212,474183,49525,11556,230320,177754,172444,10104,0,0,5010,29484,0,0,0,0,20,1,41,34,45,15,0,3,136,25,26,35,4,0,0,2,8,0,0
 E2-03,C,F,SHAM, Colin,83642,221218,0,199347,854,186028,0,210593,0,0,1371,106925,0,0,145340,618026,25947,709,0,58,72,0,161,1,42,0,0,30,0,0,0,2,72,0,0,20,184,2,1
 E2-04,C,M,GDX, Colin,148569,189750,0,131408,80086,298719,0,164511,0,0,0,84263,720,0,213335,394656,86240,7743,0,50,56,0,93,6,39,0,0,22,0,0,0,0,40,1,0,17,98,8,7
 E2-05,C,F,REP, Colin,49210,37439,0,57588,119504,124292,0,84567,0,0,0,50750,0,0,48685,94150,1133815,0,0,16,9,0,34,14,23,0,0,7,0,0,0,0,17,0,0,3,25,10,0
 E2-06,C,M,GDX, Colin,73595,172351,0,339660,16529,63658,0,307541,0,0,0,374671,0,0,88235,360231,2166,1363,0,46,65,0,215,3,19,0,0,38,0,0,0,0,124,0,0,13,154,1,1
 E2-08,C,M,SHAM, Colin,80799,260337,7626,267200,3216,168012,0,74212,0,0,81194,209183,0,0,153870,416031,75953,1415,0,40,87,1,169,2,37,0,46,7,2,0,0,15,80,0,0,26,160,2,1
 E21-02F,C,F,SHAM, Colin,145331,243622,0,171391,0,164421,2771,22129,0,0,1355,293334,0,0,283951,321138,138346,12211,0,66,80,0,165,0,31,2,0,6,0,0,0,1,72,0,0,62,147,19,11
 E21-03M,C,M,GDX, Colin,140182,211679,0,125484,0,136989,0,9858,0,0,0,163939,0,0,272190,192885,546302,492,0,51,48,0,116,0,34,0,0,1,0,0,0,0,43,0,0,34,84,37,1
 E21-05F,C,F,GDX, Colin,151314,193166,0,181854,152399,223757,0,237239,0,0,0,209273,0,0,68439,338472,40609,3478,0,59,81,0,155,39,33,0,0,29,0,0,0,0,53,0,0,14,146,10,4
 E21-07M,C,M,SHAM, Colin,81358,182179,0,227630,2319,332854,0,8759,0,13903,61534,340534,0,0,88872,207901,249139,3018,0,37,72,0,202,1,52,0,30,2,0,0,6,13,120,0,0,30,107,38,2
 E21-08F,C,F,REP, Colin,93467,246210,2933,162274,74600,173012,0,138705,0,0,3600,287816,0,0,136455,352138,125422,3368,0,51,78,2,145,16,56,0,0,17,4,0,0,1,85,0,0,35,132,29,6
 E21-09M,C,M,REP, Colin,102170,292149,1560,223446,4004,158550,0,37202,0,6714,72186,314658,0,0,35568,340195,205438,6160,0,44,75,1,179,3,32,0,24,9,0,0,4,19,94,0,0,9,133,24,4
 E22-02F,T,F,REP, Colin,199683,169969,0,92805,672,139084,0,271133,575,0,0,75638,0,0,70571,552833,224380,2657,0,99,47,0,101,1,39,0,0,35,0,1,0,0,19,0,0,12,187,50,6
 E22-03M,T,M,REP, Colin,244894,229080,0,135719,11224,296498,1890,168744,0,2954,23286,121622,0,0,7012,419396,128630,9051,0,103,61,0,136,7,77,1,1,15,1,0,2,6,48,0,0,4,160,24,9
E22-06M,T,M,GDX, Colin,316782,115525,0,229784,21269,234187,0,28783,0,0,0,340553,0,0,8699,368887,125926,9605,2,117,52,0,227,9,80,0,0,12,0,0,0,0,109,0,0,6,169,25,10
 E22-07M,T,M,SHAM, Colin,139533,158717,0,166725,0,193220,0,9938,0,934,1368,269054,0,0,133628,339536,380392,6955,0,65,53,0,174,0,30,0,12,4,1,0,1,1,86,0,0,42,161,45,6
E22-13F,T,F,SHAM, Colin,80439,134843,0,180300,14271,337298,0,88799,0,0,0,29841,0,0,9660,342437,580394,1718,0,55,47,0,134,5,59,0,0,19,0,0,0,0,13,0,0,2,123,57,2
 E23-03M,T,M,SHAM, Colin,106936,216223,0,222140,0,208167,0,0,0,0,0,328114,0,0,378781,312191,22676,4772,0,53,92,0,213,0,53,0,1,0,0,0,0,0,107,0,0,64,166,4,6
 E23-04M,T,M,GDX, Colin,94258,221804,0,244077,201885,116634,0,57805,0,0,0,80398,0,0,168140,304742,302910,7347,0,41,65,0,156,48,41,0,0,24,0,0,0,0,28,0,0,16,127,46,5
 E23-05F,T,F,GDX, Colin,364422,108077,0,212702,3247,164445,0,227185,0,0,0,195691,0,0,87634,363790,71254,1553,0,137,48,0,204,2,36,0,0,21,0,0,0,0,74,0,0,8,193,15,3
 E23-07M,T,M,REP, Colin,98367,138586,0,305762,0,90312,0,35314,0,0,57888,430730,0,0,237789,283879,114774,6599,0,43,67,0,238,0,30,0,26,4,0,0,0,11,150,0,0,24,142,14,1
 E24-06M,T,M,SHAM, Colin,142915,459896,1608,134523,1673,228999,0,17847,0,2289,103112,177056,0,0,87444,405385,28527,8726,1,38,87,1,100,1,44,0,48,2,0,0,1,15,50,0,0,18,105,12,6
 E24-07M,T,M,GDX, Colin,170954,246562,5568,142125,2094,309782,0,41873,648,0,3407,187694,0,0,0,499393,188036,1864,0,63,58,1,134,1,57,0,0,8,1,1,0,2,62,0,0,0,156,21,3
 E24-10F,T,F,SHAM, Colin,47313,244200,0,61742,8629,416583,0,171618,0,0,0,62615,0,0,60271,280260,439010,7759,0,21,53,0,58,4,45,0,0,17,0,0,0,0,15,0,0,8,82,52,4
 E24-13M,T,M,REP, Colin,42873,263004,0,190157,761,402526,0,9909,0,0,0,565550,0,0,15554,186087,123579,0,0,22,81,0,164,1,56,0,0,3,1,0,0,0,128,0,0,7,88,22,0
 E24-14F,T,F,GDX, Colin,69409,65168,0,66657,3273,232083,0,355258,1174,0,1440,50598,0,0,272293,142933,528894,10820,0,33,29,0,55,2,38,0,0,19,0,1,0,1,13,0,0,18,74,20,6
 E24-15M,T,M,REP, Colin,26186,251701,0,138853,17373,346340,0,31700,0,30853,97208,406050,0,0,13641,226740,200275,13080,0,16,60,0,121,6,61,0,46,6,1,0,8,20,104,0,0,5,88,21,4
 E26-05M,C,M,GDX, Colin,81001,167740,0,116638,34736,411919,2478,88801,0,0,12406,132550,0,0,27134,203107,521490,0,0,30,39,0,102,7,46,2,0,15,1,0,0,2,53,0,0,3,72,50,0
 E26-07M,C,M,REP, Colin,122646,135234,4903,146988,9710,437568,0,67711,0,0,0,288908,0,0,196252,215170,174910,0,0,45,44,5,143,2,52,0,1,4,0,0,0,0,88,0,0,22,96,17,0
 E27-02M,C,M,SHAM, Colin,61790,277486,1489,181324,0,142448,711,0,0,9209,121202,261507,2316,389243,22609,247601,42128,38937,1,25,74,1,156,0,42,1,30,0,1,0,5,29,88,1,43,9,126,10,13
 E27-04M,C,M,REP, Colin,46907,209661,0,204358,10768,401129,0,0,0,6307,0,499808,0,41198,84803,217364,77697,0,0,18,56,0,198,1,66,0,2,0,0,0,2,0,136,0,8,23,88,14,0
 E27-06M,C,M,GDX, Colin,209306,253501,0,198651,8117,196180,0,60919,0,0,0,276228,0,1209,61292,431262,96968,6367,0,87,82,0,194,5,59,0,0,13,1,0,0,0,91,0,1,13,185,18,6
 E27-08F,C,F,GDX, Colin,164263,202932,0,132113,11810,322329,0,30542,0,0,0,235631,0,0,76943,396824,220530,6083,0,64,65,0,132,6,69,0,0,7,0,0,0,0,65,0,0,13,133,20,9
 E27-09M,C,M,SHAM, Colin,137468,123677,0,211101,2462,208122,0,1409,0,0,0,221076,0,0,266268,434853,179196,14368,0,59,63,0,162,2,76,0,10,1,0,0,0,0,70,0,0,42,151,32,11
 E28-02F,C,F,GDX, anthony,16715,273643,0,294405,56487,355387,0,168675,0,0,0,113857,0,0,131964,387251,0,0,0,6,24,0,63,6,14,0,0,12,0,0,0,0,27,0,0,11,52,0,0
 E28-04F,C,F,REP, anthony,56371,260409,0,329356,54932,146418,0,152957,0,0,0,50423,0,0,28367,719230,0,0,0,28,63,0,127,10,20,0,0,20,0,0,0,0,20,0,0,4,143,0,0
 E28-01F,C,F,SHAM, Colin,132024,302787,780,70645,0,77914,0,178271,0,0,1050,29441,0,0,461189,453842,89261,2796,0,77,86,1,72,0,19,0,0,14,0,0,0,1,19,0,0,56,174,21,4
 E28-03F,C,F,REP, Colin,223880,82015,8398,70968,0,209832,0,446965,0,0,1560,47562,965,0,119363,343515,239747,5230,0,83,34,2,75,0,24,0,0,51,0,0,0,1,16,1,0,18,136,37,8
 E28-05M,C,M,SHAM, Colin,108220,119633,8184,193246,0,346469,0,12043,0,0,5290,509117,708,0,199970,283383,3432,10305,0,60,67,8,234,0,68,0,15,3,0,0,0,2,154,1,0,54,175,1,11
 E28-06M,C,M,REP, Colin,63995,98801,4044,103351,136824,549155,0,20277,0,0,0,44915,0,0,264738,105395,403215,5290,1,33,40,2,87,17,68,0,0,10,0,0,0,0,16,0,0,26,58,28,3
 E29-02F,C,F,GDX, anthony,36109,78727,17291,483276,251223,195292,0,64490,0,0,0,199238,0,0,171510,300223,1994,0,0,17,20,5,135,23,27,0,0,19,0,0,0,0,55,0,0,20,68,1,0
 E29-03F,C,F,GDX, Anthony,24089,162816,0,323798,345849,124421,0,94797,0,0,0,57518,0,0,302552,362222,0,0,0,10,28,0,88,31,26,0,0,11,0,0,0,0,22,0,0,23,68,0,0
 E29-04F,C,F,GDX, anthony,61546,255488,0,566648,17288,62315,0,56704,0,0,0,113971,0,0,216460,441920,6972,0,0,24,36,0,124,7,10,0,0,11,0,0,0,0,26,0,0,14,87,1,0
 E29-01F,C,F,SHAM, Colin,179230,234298,0,138143,0,250204,0,115192,0,0,1657,263375,0,0,40257,362475,197422,17747,0,72,72,0,149,0,42,0,0,17,0,0,0,1,87,0,0,6,157,21,18
 E29-05M,C,M,SHAM, Colin,1969,121527,0,254586,226632,483810,0,0,30009,170699,266044,110614,0,0,5434,119406,8401,869,2,2,55,0,173,87,74,0,250,0,0,10,45,74,49,0,0,1,67,3,1
 E29-06M,C,M,GDX, Colin,155748,145677,0,130764,26761,260569,0,144880,0,0,0,82012,0,0,204876,359313,284362,5038,0,87,56,0,138,13,52,0,1,28,0,0,0,0,34,0,0,33,173,51,6
 E30-01M,C,M,REP, Colin,115099,157121,6078,257918,25760,143799,0,26282,0,0,0,309171,0,1688,147542,417264,187365,4913,0,57,60,2,200,10,55,0,1,6,0,0,0,0,98,0,1,33,121,25,5
 E30-02M,C,M,REP, Colin,116487,196365,4524,195710,17679,203099,0,74125,0,0,1717,241299,0,0,268505,329290,148300,2900,0,67,70,2,205,9,81,0,0,13,0,0,0,1,83,0,0,40,131,43,3
 E30-03M,C,M,SHAM, Colin,197679,245904,3311,180446,0,93559,0,95323,0,0,0,261092,0,0,109174,518984,78891,15637,0,118,94,3,205,0,46,0,1,20,0,0,0,0,109,0,0,35,255,19,15
 E30-04M,C,M,SHAM, Colin,96806,211284,2150,138880,23576,390412,0,69534,0,2928,74854,80440,0,886,112396,354866,204881,36107,1,57,55,1,114,12,64,0,98,8,0,0,1,11,30,0,1,18,118,20,16
 E30-05M,C,M,REP, Colin,126050,146637,13847,200737,6030,316578,0,79407,0,0,0,292960,0,0,302364,268628,42630,4132,1,71,56,3,223,1,89,0,0,13,0,0,0,0,108,0,0,43,134,13,3
 E30-06F,C,F,SHAM, Colin,79967,206959,0,180589,0,351580,0,26941,0,0,0,186358,0,0,167072,367778,228851,3905,0,57,79,0,190,0,89,0,0,11,0,0,0,0,71,0,0,36,146,54,3
 E30-07M,C,M,REP, Colin,195359,176022,0,108883,41070,110072,0,166858,0,0,14464,51562,0,721,143799,496023,282446,12721,0,84,54,0,103,6,29,0,18,31,0,0,0,3,18,0,1,30,147,52,11
 E3-01,T,M,GDX, Colin,61688,98496,0,190646,1224,357971,0,310815,0,0,0,222055,0,0,70573,317023,169509,0,0,28,19,0,124,1,40,0,0,21,0,0,0,0,59,0,0,15,82,12,0
 E3-02,T,M,REP, Colin,111959,245003,14534,295276,0,318688,0,21881,0,0,21726,410001,0,0,81912,270245,1727,2547,0,45,105,7,237,0,77,0,16,4,1,0,0,6,118,0,0,32,128,2,1
 E3-03,T,M,SHAM, Colin,238846,25850,0,16719,23180,197243,0,167724,0,0,0,1670,0,0,7826,317503,802646,0,0,25,3,0,11,1,13,0,0,14,0,0,0,0,1,0,0,1,38,35,0
 E3-05,T,M,GDX, Colin,18000,448525,0,345991,6160,314306,0,12436,944,6063,35302,246101,0,967,53863,307768,0,3574,0,14,141,0,227,3,65,0,3,3,0,2,1,7,121,0,1,18,132,0,2
 E3-07,T,M,SHAM, Colin,195198,143146,0,389392,0,87531,0,14612,0,0,20455,298669,0,507,78295,570541,0,1654,0,86,56,0,290,0,18,0,27,5,1,0,0,4,137,0,1,18,231,0,3
 E3-08,T,F,GDX, Colin,152155,238827,0,124451,2315,170909,0,71573,0,0,33226,210126,0,0,116397,657174,17823,5024,0,79,66,0,141,2,20,0,0,11,0,0,0,1,84,0,0,21,168,6,8
 E31-03F,C,F,SHAM, anthony,115797,106724,0,381622,129368,33715,0,118065,0,0,0,80291,0,0,237586,488543,107484,0,0,25,19,0,74,10,6,0,0,11,0,0,0,0,16,0,0,24,64,1,0
 E31-02F,C,F,GDX, anthony,106180,212785,0,356756,86651,245561,0,88179,0,0,0,112881,0,0,279389,273527,37541,0,0,23,25,0,89,6,21,0,0,7,0,0,0,0,28,0,0,22,45,3,0
 E31-03F,C,F,SHAM, Colin,206871,197959,0,134968,0,34138,69,268447,0,0,601,44096,0,0,135160,580281,178797,18613,0,128,99,0,160,0,21,1,0,41,0,0,0,1,24,0,0,29,272,42,21
 E31-04M,C,M,GDX, Colin,210483,175466,0,97253,41758,352116,0,153899,0,0,17926,51160,0,0,251882,258756,171435,17866,0,68,51,0,91,10,58,0,23,13,0,0,0,1,18,0,0,30,100,28,13
 E31-06M,C,M,REP, Colin,76209,154619,0,82929,4225,247059,0,179794,0,0,0,55441,0,1061,532884,271017,181096,13374,0,37,52,0,92,2,55,0,1,14,0,0,0,0,23,0,1,55,119,22,9
 E32-01M,C,M,GDX, Colin,52206,227656,48254,156584,5411,275392,0,75643,0,949,13904,132031,840,0,401373,248495,151835,3865,0,26,62,3,126,3,63,0,9,10,0,0,1,5,49,1,0,47,100,20,3
 E32-02M,C,M,GDX, Colin,91128,135518,0,128964,1464,383954,0,161908,0,0,0,207700,0,1634,0,206103,479131,2496,0,34,30,0,128,1,69,0,0,21,0,0,0,0,60,0,1,0,85,48,2
 E32-04F,C,F,GDX, Colin,61106,205235,0,73324,840,305536,0,391005,0,0,0,25472,0,0,135314,387585,211863,2720,0,37,87,0,88,1,37,0,0,10,0,0,0,0,9,0,0,30,146,11,3
 E32-05F,C,F,GDX, Colin,226953,176554,0,174762,0,200293,0,329328,0,0,0,99748,0,0,58618,485937,29443,18364,0,134,85,0,176,0,56,0,0,57,0,0,0,0,48,0,0,20,230,9,23
 E32-06F,C,F,SHAM, Colin,128529,151745,0,189152,0,287319,2318,60203,0,0,0,315102,0,512,100411,502430,50374,11905,0,79,81,0,201,0,51,2,0,14,0,0,0,0,85,0,1,16,200,16,14
 E33-01F,C,F,SHAM, Colin,30054,316369,0,165646,0,165623,0,66984,0,0,0,122272,0,0,316284,362998,251981,1789,0,26,86,0,144,0,47,0,0,9,0,0,0,0,49,0,0,31,125,40,2
 E33-02F,C,F,SHAM, Colin,166375,101179,0,246102,1540,313019,0,136785,0,0,0,187040,0,1758,183472,320753,116829,25148,0,94,56,0,219,2,80,0,0,12,0,0,0,0,79,0,1,47,173,24,29
 E33-04M,C,M,SHAM, Colin,191802,198225,0,160215,4637,82177,0,58609,0,0,0,132125,0,0,330805,524090,110498,6817,0,98,83,0,183,4,38,0,3,10,0,0,0,0,56,0,0,76,211,20,6
 E33-05M,C,M,GDX, Colin,189559,281064,0,128023,0,43934,0,220595,0,0,0,49768,0,0,151777,591406,138244,5630,0,125,106,0,149,0,17,0,0,23,0,0,0,0,29,0,0,36,242,20,9
 E33-06M,C,M,SHAM, Colin,234568,269225,778,160649,0,50467,0,12678,0,0,0,241599,0,694,247873,544649,20925,15895,0,126,109,1,204,0,23,0,0,2,0,0,0,0,85,0,1,40,247,9,14
 E34-03F,C,F,REP, Anthony,77895,35715,0,432642,37514,232175,0,96202,0,0,0,661870,0,0,7121,216509,0,0,0,15,6,0,113,5,17,0,0,9,0,0,0,0,70,0,0,2,45,0,0
 E34-01F,C,F,REP, Colin,146922,177804,0,150626,998,213649,0,156414,0,0,4461,125572,0,0,111364,609817,100957,1416,0,94,87,0,176,1,45,0,0,24,0,0,0,2,44,0,0,39,236,20,3
 E34-02F,C,F,SHAM, Colin,183611,340222,504,166255,1116,243052,0,16561,0,0,0,77101,0,0,182791,455591,107608,25588,0,96,96,1,161,1,43,0,0,10,0,0,0,0,31,0,0,29,201,16,20
 E34-04F,C,F,GDX, Colin,199493,178911,0,156166,1902,130744,0,10521,0,0,0,146947,0,0,330150,543365,81158,20643,0,111,91,0,174,1,63,0,0,3,0,0,0,0,64,0,0,84,230,26,14
 E34-05M,C,M,REP, Colin,214809,188221,1252,161341,33622,91240,0,74905,0,0,23995,108091,0,0,310523,427418,150230,14353,0,139,63,1,156,12,28,0,17,20,0,0,0,4,39,0,0,52,199,25,17
 E34-07M,C,M,REP, Colin,76159,215161,0,106256,27851,213923,0,220320,0,1356,31516,46447,0,0,309028,267419,280312,4252,1,41,65,0,98,10,45,0,21,22,0,0,1,8,23,0,0,50,120,48,5
 E35-02F,C,F,GDX, Anthony,33730,444883,1599,306436,43118,156874,0,74203,0,0,0,305904,0,0,242098,189843,0,0,0,12,47,1,94,3,28,0,0,10,0,0,0,0,45,0,0,23,41,0,0
 E35-01F,C,F,GDX, Colin,179356,75064,0,178484,0,415975,0,140171,0,0,444,154196,0,971,6294,425351,216663,7031,0,73,52,0,217,0,104,0,0,18,0,0,0,1,79,0,1,6,196,25,7
 E35-05M,C,M,REP, Colin,113474,261655,0,213475,52376,445846,0,900,0,54299,141438,144498,0,0,143582,127706,92039,8712,2,39,70,0,181,10,82,0,144,1,0,0,11,24,69,0,0,22,69,24,10
 E35-06M,C,M,GDX, Colin,209695,108048,0,156816,13691,123543,0,248806,717,0,0,75634,0,0,279723,291685,276678,14964,0,100,54,0,168,6,56,0,0,40,1,1,0,0,33,0,0,42,153,49,16
 E36-01F,T,F,GDX, anthony,4881,252874,17175,409405,50917,313106,0,8100,0,0,0,274617,0,0,255035,211656,0,0,0,2,38,1,98,6,25,0,0,4,0,0,0,0,41,0,0,22,36,0,0
 E36-03F,T,F,GDX, anthony,133561,238551,0,367132,21752,147601,0,57787,0,0,0,189653,0,1720,155949,484803,0,0,0,37,27,0,102,2,13,0,0,11,0,0,0,0,46,0,1,16,66,0,0
 E36-02F,T,F,SHAM, Colin,47820,505403,577,136548,865,104424,0,17963,0,0,1525,227618,0,0,406934,331812,13847,4664,0,43,150,1,154,1,40,0,1,7,0,0,0,1,67,0,0,66,198,8,7
 E36-03F,T,F,GDX, Colin,273361,244865,0,236514,0,62087,0,78615,0,0,0,150105,2002,0,169280,523090,33145,26936,0,175,98,0,262,0,48,0,0,28,0,0,0,0,72,1,0,68,297,10,27
 E36-06M,T,M,REP, Colin,149873,225289,0,87211,1525,121470,0,134589,0,0,742,56903,0,0,368751,386450,236682,30515,0,75,80,0,98,2,39,0,2,6,0,0,0,1,26,0,0,63,178,26,25
 E38-01F,T,F,REP, Colin,95110,189563,0,95886,0,495078,0,72568,0,0,0,175024,1187,0,266085,320099,80052,9348,0,53,76,0,112,0,54,0,0,4,0,0,0,0,45,1,0,45,146,22,9
 E38-02F,T,F,GDX, Colin,73487,81037,1632,173710,22746,636075,0,108724,0,0,38,151691,0,0,352331,135175,59764,3590,0,49,48,1,141,2,69,0,0,13,0,0,0,1,50,0,0,28,87,11,3
 E38-03F,T,F,SHAM, Colin,100309,310199,0,153059,435,319540,0,22680,0,0,0,230510,0,0,303665,279326,68274,12003,0,74,119,0,167,1,45,0,0,7,0,0,0,0,79,0,0,77,164,10,18
 E38-04F,T,F,GDX, Colin,71599,250893,0,193402,2996,86970,0,78602,0,0,4331,152763,0,0,660119,236649,54817,6859,0,49,112,0,162,2,32,0,0,13,0,0,0,3,53,0,0,94,155,20,10
 E38-05M,T,M,GDX, Colin,52976,80081,0,191174,10681,460803,0,62511,0,0,0,276959,0,0,117916,159537,382646,4716,0,39,34,0,166,6,56,0,0,12,0,0,0,0,69,0,0,11,88,22,3
 E38-06M,T,M,SHAM, Colin,153946,200391,1452,215574,10260,312645,0,9420,2097,2559,69089,223241,0,0,162217,364057,66873,6179,1,77,72,1,192,6,69,0,64,2,0,2,2,15,101,0,0,41,158,7,9
 E39-01F,T,F,REP, Colin,192334,332691,0,153519,5729,135748,0,123263,0,0,0,42470,0,0,178967,418230,212620,4429,0,112,111,0,156,4,48,0,0,32,0,0,0,0,23,0,0,23,195,39,9
 E39-02F,T,F,GDX, Colin,92623,268160,5413,226133,0,251547,0,21484,0,0,0,147594,0,2521,270904,435043,77957,621,0,59,94,3,216,0,51,0,0,10,0,0,0,0,57,0,1,37,188,18,1
 E39-03F,T,F,GDX, Colin,128962,244999,0,120272,0,133536,0,467660,0,0,612,43363,0,0,202525,338202,119027,842,0,81,83,0,136,0,24,0,1,66,0,0,0,1,22,0,0,43,189,21,1
 E39-04F,T,F,GDX, Colin,154674,250514,0,186326,7013,160185,0,91909,0,0,2450,194541,0,0,84347,414599,249830,3612,0,93,102,0,203,6,49,0,0,13,0,0,0,1,80,0,0,30,192,33,5
 E39-05M,T,M,SHAM, Colin,44116,330988,0,260828,4004,396901,0,1019,0,4883,122960,334428,0,0,66699,223196,4520,5458,1,29,162,0,293,4,117,0,102,1,0,0,3,37,172,0,0,31,150,3,6
 E39-06M,T,M,REP, Colin,217300,175478,9095,223394,16521,293216,0,38416,1310,0,0,301138,0,0,176888,264623,54109,28512,0,112,81,2,240,9,69,0,0,14,0,1,0,0,105,0,0,20,170,10,24
 E40-01F,T,F,REP, Colin,79800,259356,0,175501,0,259737,498,51095,0,0,9486,130674,0,0,433795,345439,43131,11488,0,51,89,0,137,0,56,1,0,6,0,0,0,4,62,0,0,56,162,10,12
 E40-02F,T,F,SHAM, Colin,138522,288046,0,139469,0,190867,0,269991,0,0,0,73984,0,0,18060,441871,225845,13345,0,98,142,0,165,0,50,0,0,41,0,0,0,0,23,0,0,7,243,34,17
 E40-03F,T,F,SHAM, Colin,97701,461038,0,101454,0,93886,0,112200,0,0,0,53280,963,24,147603,561773,163626,6452,0,66,160,0,131,0,19,0,1,44,0,0,0,0,26,1,1,50,253,43,11
 E4-01,C,F,GDX, Colin,181176,334434,0,203218,16357,65501,0,308151,0,0,0,62731,0,0,153289,421498,49456,4189,0,66,100,0,164,10,21,0,0,46,0,0,0,0,36,0,0,26,172,11,4
 E4-03,C,F,SHAM, Colin,65458,55613,0,125968,0,211763,0,727436,0,0,0,196039,0,0,45524,295571,74805,1823,0,40,20,0,104,0,26,0,0,32,0,0,0,0,71,0,0,9,100,14,3
 E4-05,C,F,REP, Colin,64311,129858,24701,209010,0,156681,0,631041,0,0,8375,118292,0,0,50313,400842,6576,0,1,39,45,7,148,0,36,0,0,38,0,0,0,5,68,0,0,12,138,2,0
 E4-07,C,M,SHAM, Colin,97715,180592,0,163250,42929,254371,0,13400,1152,0,41980,218278,0,0,293920,272386,218235,1792,0,36,46,0,116,10,37,0,14,4,0,1,0,3,61,0,0,22,89,14,1
 E4-08,C,M,GDX, Colin,208694,193472,0,173493,84162,244470,0,34007,0,0,0,100649,0,0,151644,474399,133794,1216,0,76,49,0,130,12,47,0,0,4,0,0,0,0,52,0,0,25,138,11,2
 E41-01F,T,F,GDX, Colin,136055,160442,6114,195253,0,307590,0,19427,0,0,10298,151014,0,0,451283,327400,23409,11715,0,58,54,1,155,0,46,0,0,8,0,0,0,3,40,0,0,59,147,11,13
 E41-02F,T,F,REP, Colin,106681,219318,828,213513,0,222740,0,167066,0,0,0,212764,0,0,229460,332896,80371,14363,0,53,72,1,178,0,66,0,0,22,0,0,0,0,71,0,0,28,117,25,13
 E41-03F,T,F,REP, Colin,152674,139661,0,104984,20589,209213,2557,505294,0,0,0,49777,0,0,26224,393003,184613,11411,0,92,54,0,99,3,43,1,0,33,0,0,0,0,15,0,0,7,162,32,14
 E41-04M,T,M,GDX, Colin,119941,151943,598,139325,92037,185446,0,431038,0,0,0,16286,0,0,108168,262756,278901,13561,0,79,60,1,123,25,38,0,0,48,0,0,0,0,10,0,0,10,130,64,12
 E41-05M,T,M,GDX, Colin,103153,32339,0,107044,106032,256859,0,248337,0,0,0,86930,0,0,116613,151247,588729,2717,1,33,15,0,84,29,38,0,0,15,0,0,0,0,27,0,0,7,61,24,3
 E42-01F,T,F,SHAM, Colin,287123,79963,0,49581,8410,159662,0,215699,0,0,0,16317,0,0,171646,382967,409656,18976,0,126,50,0,65,4,16,0,0,26,0,0,0,0,9,0,0,26,158,57,32
 E42-02F,T,F,REP, ,32408,47736,2220,138421,9334,634927,0,142183,0,0,0,200059,0,0,259329,115238,211825,6320,0,22,15,1,86,6,51,0,0,10,0,0,0,0,35,0,0,12,43,21,5
 E42-04M,T,M,REP, Colin,278549,134692,0,172292,3026,152607,0,53920,0,0,594,110513,0,0,161872,427388,291201,13346,0,158,66,0,185,4,42,0,0,7,0,0,0,1,40,0,0,30,193,34,17
 E42-06M,T,M,GDX, Colin,94073,83088,0,138875,111923,169020,369,442428,0,0,0,109862,380,0,90025,189343,357503,13111,0,51,38,0,120,19,51,1,0,53,0,0,0,0,43,1,0,13,109,64,9
 E43-01M,T,M,REP, Colin,141628,221653,2568,183659,16779,254842,0,27850,0,0,0,155808,0,0,383077,214084,195748,2304,0,58,59,1,151,8,60,0,1,8,0,0,0,0,50,0,0,42,111,28,1
 E43-03M,T,M,SHAM, Colin,65321,242367,7275,126031,399386,268617,0,51591,0,0,65103,140626,0,0,82898,182469,159827,8489,0,39,75,4,110,19,70,0,53,9,0,0,0,10,60,0,0,32,110,21,7
 E43-04M,T,M,REP, Colin,71902,172508,1801,179536,30179,274927,2291,177492,0,0,136027,171969,0,0,16491,285984,277047,1846,1,29,64,1,118,9,57,1,91,22,0,0,0,17,51,0,0,8,92,24,1
 E43-05M,T,M,SHAM, Colin,20512,252638,79694,193421,0,498221,0,47615,0,0,74624,292664,0,0,114467,192908,32468,768,0,17,91,32,182,0,118,0,40,2,0,0,0,13,104,0,0,31,111,7,1
 E43-06F,T,F,GDX, Colin,131176,190455,0,155962,28159,283695,6720,156711,0,0,0,82879,0,0,111122,500939,148786,3396,2,91,100,0,178,5,78,2,0,26,0,0,0,0,35,0,0,25,242,16,3
 E44-03F,C,F,SHAM, Colin,108738,188235,5414,166316,39371,320123,424,38377,0,0,0,165711,0,0,269161,390948,87370,18404,0,58,86,1,171,29,54,1,0,6,0,0,0,0,78,0,0,45,173,29,13
 E44-04M,C,M,GDX, Colin,197372,249292,0,175364,36324,103276,0,42906,0,0,3761,135363,0,0,308869,470250,65363,10809,0,135,98,0,177,12,46,0,0,8,0,0,0,1,61,0,0,39,220,22,16
 E44-05M,C,M,GDX, Colin,62545,55460,388,191089,269301,339053,0,83247,0,0,0,63277,0,0,23103,197647,507058,7832,1,32,27,1,102,48,44,0,0,16,0,0,0,0,23,0,0,3,73,45,3
 E44-06M,C,M,REP, Colin,156970,113677,20738,173689,4205,140870,0,70345,0,0,2889,208772,0,0,468551,315935,118430,2985,0,80,46,8,161,5,33,0,0,4,0,0,0,1,86,0,0,34,150,25,4
 E44-07M,C,M,SHAM, Colin,87491,498673,0,124745,896,479225,0,1098,0,0,48402,128396,0,438,52535,341235,31262,5604,0,39,102,0,127,1,39,0,39,1,1,0,0,12,51,0,1,7,141,7,4
 E44-08M,C,M,SHAM, Colin,76668,274045,8184,205532,0,166160,0,0,0,0,0,402027,0,0,305820,340352,14279,2990,0,50,92,3,210,0,47,0,0,0,0,0,0,0,135,0,0,62,164,5,3
 E45-03M,C,M,SHAM, Colin,69048,115193,0,162765,79680,266140,0,61843,0,0,0,109879,0,0,356663,269672,297613,9707,1,44,55,0,155,12,49,0,0,13,0,0,0,0,56,0,0,42,127,50,9
 E45-05M,C,M,REP, Colin,12014,479878,0,237063,2497,47979,0,2499,0,12236,40774,563730,1391,0,54317,312661,31942,1019,2,11,122,0,212,1,20,0,42,1,0,0,6,19,150,1,0,16,125,8,1
 E45-06M,C,M,SHAM, Colin,74467,480770,0,141098,6717,160901,0,45945,0,0,48775,94294,0,0,299249,384179,55319,7224,0,40,105,0,104,3,24,0,65,5,1,0,0,22,43,0,0,34,126,19,3
 E45-07M,C,M,SHAM, Colin,117435,260585,4029,197798,13869,126365,0,20723,0,0,60466,103605,0,0,288166,465371,135667,5921,1,75,116,2,177,2,41,0,55,2,0,0,0,14,59,0,0,95,236,14,10
 E45-08M,C,M,GDX, Colin,223437,167197,0,171948,10167,80850,0,98893,0,0,0,121512,0,0,277688,433105,182010,33193,0,113,78,0,185,6,32,0,0,21,0,0,0,0,48,0,0,71,222,47,33
 E46-01F,C,F,SHAM, Colin,27825,324223,0,141408,166497,175753,0,62326,0,0,0,282098,0,0,200696,300386,111435,7353,0,27,149,0,144,30,40,0,0,9,0,0,0,0,66,0,0,34,183,26,7
 E46-02F,C,F,GDX, Colin,151716,188955,0,99851,11175,177371,0,50787,0,0,1824,189550,0,1455,421122,403757,85817,16620,0,89,66,0,126,4,42,0,0,17,0,0,0,1,44,0,1,47,174,15,20
 E46-03F,C,F,REP, Colin,182129,228076,0,71803,405,19572,0,698401,0,0,3378,20967,0,0,28956,392310,140669,13334,0,83,73,0,73,1,10,0,0,41,0,0,0,1,6,0,0,6,158,21,21
 E46-04F,C,F,REP, Colin,186437,134610,1753,127685,18632,214968,0,47799,0,0,0,114114,0,0,40754,445736,465044,2468,0,92,67,1,136,8,26,0,0,9,0,0,0,0,41,0,0,10,189,20,3
 E46-05F,C,F,SHAM, Colin,39349,137016,5502,175547,317985,330100,0,58130,0,0,31261,261399,0,0,106301,212308,123855,793,0,18,42,1,171,4,49,0,27,8,0,0,0,9,93,0,0,25,90,18,1
 E46-06F,C,F,SHAM, Colin,68260,112121,4424,226698,209166,425817,0,39857,0,0,30782,224881,421,0,122031,170555,160798,2472,0,30,54,3,193,2,59,0,29,7,0,0,0,16,86,1,0,37,95,33,3
 E46-07F,C,F,REP, Colin,157231,103473,0,93169,15238,113725,0,419664,0,0,24,60493,0,0,53283,345490,426584,10044,0,75,31,0,94,4,19,0,0,15,0,0,0,1,17,0,0,8,118,26,12
 E46-08F,C,F,REP, Colin,156539,245134,0,95080,66916,169739,0,78287,0,0,0,126674,0,0,41672,713196,96376,10387,0,74,74,0,88,26,34,0,0,9,0,0,0,0,26,0,0,9,159,19,11
 E46-09M,C,M,REP, Colin,112416,231757,0,255177,13751,316673,0,49426,0,0,9307,188000,0,0,108569,231196,270235,11722,0,45,79,0,176,9,65,0,120,5,0,0,0,5,84,0,0,24,94,16,7
 E46-10M,C,M,GDX, Colin,76551,189040,3789,213433,142648,273301,0,84288,0,0,1152,33304,0,0,222426,349929,198626,11513,0,40,66,3,151,38,64,0,0,18,0,0,0,1,14,0,0,16,124,45,5
 E47-02F,C,F,SHAM, Colin,296295,124819,0,128959,19639,70527,0,51245,0,0,0,151681,0,0,201049,665377,71543,17162,1,191,73,0,170,10,29,0,0,7,0,0,0,0,67,0,0,52,292,19,27
 E47-04M,C,M,SHAM, Colin,97575,421582,0,204618,27054,114034,0,14277,0,0,0,202262,0,0,194182,286079,223605,14530,0,64,111,0,172,13,42,0,0,5,0,0,0,0,81,0,0,27,128,50,13
 E47-05M,C,M,GDX, Colin,57202,104935,0,95747,93074,330875,0,214850,0,0,0,25199,0,0,969,204277,671490,1382,0,28,20,0,63,15,35,0,0,9,0,0,0,0,9,0,0,1,58,15,2
 E48-01F,C,F,SHAM, Colin,56897,176714,0,181087,116568,261619,0,7182,0,0,0,267941,0,0,136389,330857,258566,4428,0,41,86,0,169,32,54,0,0,4,0,0,0,0,100,0,0,28,151,51,5
 E48-03F,C,F,REP, Colin,119190,245086,0,125051,16317,219744,0,174670,0,0,0,82859,0,0,219649,466542,117034,13003,1,64,91,0,114,4,29,0,0,6,0,0,0,0,22,0,0,15,171,13,12
 E48-05F,C,F,SHAM, Colin,39700,265417,4355,118784,6081,128063,0,8556,0,0,9330,247428,0,0,665083,264598,38956,1774,0,31,105,2,125,5,34,0,0,2,0,0,0,2,70,0,0,82,134,16,4
 E48-06F,C,F,REP, Colin,311775,157379,1057,99385,6360,43642,3035,16368,0,0,0,87152,0,0,93699,573528,398769,6597,0,140,70,1,127,3,17,1,0,6,0,0,0,0,38,0,0,23,221,30,10
 E48-07M,C,M,GDX, Colin,198361,308525,0,144671,11621,188012,0,116951,0,0,0,89598,0,0,204695,400553,128805,5801,0,110,80,0,153,6,45,0,0,17,0,0,0,0,51,0,0,27,182,32,7
 E48-08M,C,M,SHAM, Colin,125697,150226,0,68862,14906,123616,0,66883,0,0,7751,48492,0,0,131612,350319,704112,7073,0,55,64,0,70,5,26,0,17,9,0,0,0,1,23,0,0,32,114,52,5
 E50-01F,T,F,GDX, Colin,340382,153520,0,173342,12164,314874,0,12376,0,0,0,60994,0,0,63438,537483,115907,14404,0,179,66,0,186,11,58,0,1,7,0,0,0,0,33,0,0,18,228,35,17
 E50-02F,T,F,SHAM, Colin,47718,377768,0,239096,178913,142525,0,15629,0,0,0,137331,0,0,160180,343478,146848,8845,3,34,167,0,209,66,67,0,0,6,0,0,0,0,70,0,0,28,190,66,6
 E50-03M,T,M,REP, Colin,73459,240745,0,185744,7859,175133,0,0,0,0,57479,387945,0,0,254784,168676,230528,16727,1,41,89,0,181,6,36,0,81,0,0,0,0,28,121,0,0,41,97,16,8
 E50-04M,T,M,SHAM, Colin,103533,202903,0,142329,4062,264496,0,11987,0,7391,31334,251447,0,0,48653,236399,493010,1921,0,42,60,0,148,2,26,0,31,2,0,0,1,11,103,0,0,15,97,17,1
 E50-05M,T,M,REP, Colin,13816,284502,49549,230756,16384,465357,0,0,0,6021,57710,478566,0,0,82582,111871,831,981,0,7,82,11,200,5,85,0,39,0,0,0,4,20,139,0,0,17,65,1,1
 E50-06M,T,M,REP, Colin,385929,176967,0,93206,30335,44104,0,50476,0,0,25524,47762,0,0,273520,476786,177109,17867,0,148,52,0,104,4,17,0,34,10,0,0,0,5,16,0,0,33,171,25,32
 E50-07M,T,M,SHAM, Colin,150052,242341,0,155891,7173,198031,0,201632,0,1671,30979,205398,0,0,119096,336421,146348,4268,0,66,94,0,179,5,52,0,40,12,0,0,1,8,86,0,0,26,152,21,5
 E50-08M,T,M,REP, Colin,155353,235568,0,229324,45006,58009,864,32959,1419,861,63519,415909,0,0,85731,396148,51834,2058,0,56,82,0,222,25,24,1,38,10,0,1,1,10,124,0,0,17,151,21,3
 E5-04,T,M,REP, Colin,102203,105844,12160,313353,5370,711081,0,0,0,20292,75679,367339,0,0,10355,76324,0,0,0,21,33,5,203,1,85,0,57,0,0,0,6,15,115,0,0,3,46,0,0
 E5-05,T,F,SHAM, Colin,236478,165712,37527,194915,9762,453935,0,123186,795,0,0,147497,0,0,44423,344990,38138,2642,0,78,55,7,134,2,47,0,0,17,0,1,0,0,45,0,0,7,121,4,4
 E5-07,T,M,GDX, Colin,84977,180142,0,277708,77464,624594,31795,76144,48680,12901,66087,160002,0,0,2964,153798,2744,0,0,21,38,0,118,19,36,10,1,14,24,14,5,14,64,0,0,2,51,1,0
 E5-08,T,M,REP, Colin,21542,339429,63709,334285,74216,252438,670,40587,8348,77773,149657,244228,0,0,21164,143636,20722,7596,0,8,87,9,165,13,31,1,74,6,0,1,22,51,88,0,0,6,61,2,4
 E51-01F,T,F,REP, Colin,313123,253543,0,121756,2209,36702,0,78709,0,0,0,51457,0,0,131182,497614,291060,18943,0,175,101,0,154,2,8,0,0,29,0,0,0,0,28,0,0,25,252,60,31
 E51-02F,T,F,SHAM, Colin,153325,276264,3372,286727,18088,233978,0,12871,0,0,0,150655,0,117574,78239,366881,89600,11955,0,109,120,1,323,5,90,0,0,12,0,0,0,0,128,0,14,22,215,39,15
 E51-04M,T,M,SHAM, Colin,77484,197090,5819,226468,103175,228098,0,62613,0,0,25661,468527,0,0,98032,150858,154324,938,0,33,79,4,209,25,62,0,80,5,0,0,0,10,149,0,0,17,80,12,3
 E51-05M,T,M,SHAM, Colin,106062,122876,9399,118672,91229,184264,0,44195,0,0,0,310229,0,0,258024,275958,276944,2148,0,59,64,3,127,12,19,0,0,13,0,0,0,0,85,0,0,45,140,44,3
E51-06M,T,M,SHAM, Colin,76011,238210,418,111569,3628,72267,722,41021,0,0,0,221274,0,0,197312,278190,552593,6785,0,52,99,1,140,2,31,1,0,2,0,0,0,0,97,0,0,42,158,12,8
 E51-07M,T,M,REP, Colin,79031,424015,2440,161210,8472,200452,586,28452,0,9378,33701,254894,0,27,193230,304088,92005,8019,0,46,132,2,188,2,50,1,21,14,0,0,4,15,119,0,1,53,162,30,12
 E51-08M,T,M,REP, Colin,129656,349322,0,41160,82350,431367,0,26597,0,0,0,85700,0,0,193620,247140,197514,15574,2,56,77,0,51,14,30,0,0,6,0,0,0,0,23,0,0,24,116,25,19
 E52-01F,T,F,GDX, Colin,147195,114494,0,108606,29182,238681,0,4130,0,0,0,186477,0,1286,212174,330303,413627,13845,1,66,61,0,125,14,42,0,0,2,0,0,0,0,57,0,1,34,164,68,19
 E52-02F,T,F,SHAM, Colin,180711,224514,0,125360,4363,182498,0,37646,0,0,0,107059,0,0,68147,635632,208911,25159,1,102,93,0,132,5,53,0,0,16,0,0,0,0,49,0,0,17,221,47,22
 E51-03F,T,F,REP, Colin,277306,195567,0,96912,15950,341218,0,7229,0,0,0,63030,0,0,199499,555312,35932,12045,2,91,88,0,105,8,38,0,0,6,0,0,0,0,26,0,0,46,205,14,18
 E52-03M,T,M,GDX, Colin,99747,116304,3441,210484,139474,206970,0,96276,0,0,0,219565,0,0,54007,173381,458260,21452,2,61,37,1,143,26,38,0,0,13,0,0,0,0,68,0,0,8,91,49,9
 E52-04M,T,M,SHAM, Colin,104513,103651,0,110572,2187,347638,0,129586,0,0,0,79126,0,0,224782,255822,437154,4969,1,48,53,0,110,2,37,0,4,11,0,0,0,0,29,0,0,36,102,12,5
 E53-01F,T,F,SHAM, Colin,146117,153212,0,124257,32082,248746,0,16588,0,0,0,593308,0,0,74147,334827,64767,11159,0,68,61,0,134,4,36,0,0,6,0,0,0,0,101,0,0,7,135,15,12
 E53-02F,T,F,SHAM, Colin,34093,331977,0,194738,0,74548,0,8386,0,0,0,442231,0,0,226316,358770,125217,3724,0,29,158,0,203,0,17,0,0,2,0,0,0,0,93,0,0,70,195,28,4
 E53-03M,T,M,SHAM, Colin,93593,309140,0,218148,33950,193056,12230,26837,77435,5533,29780,166843,0,0,122597,403098,97828,9482,0,56,102,0,180,23,53,2,5,9,89,24,2,7,82,0,0,10,155,15,5
 E53-06M,T,M,SHAM, Colin,96797,170962,3806,271605,66590,151123,0,16922,0,727,48076,543558,0,0,140403,263003,23589,2839,0,50,82,3,265,10,50,0,49,2,0,0,1,6,191,0,0,42,173,10,2
 E53-07M,T,M,GDX, Colin,286967,294237,0,240109,5025,64664,0,35036,0,0,0,206897,0,589,14010,597021,39908,15537,1,170,99,0,227,3,31,0,0,4,0,0,0,0,108,0,1,5,261,7,19
 E53-08M,T,M,SHAM, Colin,125304,224106,12912,231181,2905,244719,924,4775,0,2614,69056,389858,0,0,150079,322731,11172,5837,0,54,125,6,254,3,63,1,114,3,0,0,1,22,142,0,0,40,182,4,7
 E6-01,T,M,GDX, Colin,18481,276807,4703,392653,0,425813,0,0,5465,49877,55560,368947,0,0,17163,181675,0,2856,0,14,116,4,264,0,106,0,21,0,0,3,12,22,145,0,0,9,109,0,1
 E6-03,T,M,REP, Colin,75838,231038,1081,350339,12940,222480,696,132426,612,0,495,265935,0,660,147522,287167,67879,2892,0,41,82,1,223,3,54,1,0,35,0,1,0,1,129,0,1,24,129,8,2
 E6-04,T,M,REP, Colin,18501,319983,13141,269036,4958,675232,1743,0,0,137068,129762,122025,0,0,7871,97015,0,3665,0,10,89,2,147,3,75,1,53,0,0,0,46,51,42,0,0,6,57,0,2
 E6-06,T,M,SHAM, Colin,40207,220370,6514,359987,10383,606489,0,9448,0,0,5610,259066,0,0,2076,275636,0,4214,0,23,63,2,198,2,55,0,13,4,0,0,0,1,105,0,0,1,94,0,3
 E7-01,C,M,REP, Colin,56195,257051,2203,392943,139953,193478,39517,47495,69325,27601,142948,147048,0,0,0,284243,0,0,0,33,79,1,202,27,43,15,4,10,77,30,13,35,64,0,0,0,118,0,0
 E7-02,C,M,GDX, Colin,432156,259893,8109,168659,1131,144293,0,123785,0,0,0,89255,0,0,64629,440545,56718,10827,0,131,55,1,127,1,32,0,0,25,0,0,0,0,39,0,0,11,168,7,10
 E7-03,C,M,REP, Colin,89793,170186,5436,231827,16773,236455,0,25369,0,0,0,380376,0,0,80503,320726,241884,0,0,25,50,1,167,1,41,0,0,2,0,0,0,0,120,0,0,15,111,19,0
 E7-05,C,M,SHAM, Colin,75060,169765,0,114515,4409,245668,0,533179,0,0,2604,178257,0,0,95182,303512,77849,0,0,36,32,0,81,3,19,0,0,27,0,0,0,2,34,0,0,11,107,12,0
 E7-06,C,F,REP, Colin,144755,261604,0,113168,0,260722,0,108040,0,0,0,141334,0,0,152614,533994,83769,0,0,81,88,0,108,0,43,0,0,16,0,0,0,0,38,0,0,23,187,5,0
 E7-08,C,F,GDX, Colin,59705,196878,0,202517,43633,111817,0,458427,0,0,2191,99156,0,0,91805,372976,159199,1696,0,29,52,0,111,11,34,0,0,17,0,0,0,1,37,0,0,13,89,12,1
 E8-03F,C,F,REP, Colin,38986,227203,12829,273122,0,217826,0,206687,0,0,0,146823,0,0,246143,412561,17820,0,0,22,64,2,169,0,34,0,0,14,0,0,0,0,72,0,0,29,123,4,0
 E8-04F,C,F,GDX, Colin,78004,276298,5799,121731,22539,406837,0,103116,0,0,0,164663,0,466,221398,308958,89651,540,0,35,56,1,101,8,50,0,0,10,0,0,0,0,36,0,1,5,98,5,1
 E8-07Ma,C,M,REP, Colin,15127,187748,2643,213461,85631,535356,696,116525,0,5462,160679,84159,0,0,63519,196267,131277,1450,0,9,56,2,115,24,61,1,3,16,33,0,2,20,30,0,0,10,62,20,1
 E8-07Mb,C,M,GDX, Colin,39932,169574,1788,331396,3639,293173,0,171608,746,0,19906,580217,0,1428,76526,107799,0,2268,1,19,40,1,230,2,62,0,10,7,2,1,0,5,166,0,1,24,66,0,2
 E9-01Mb,C,M,SHAM, Colin,132881,84085,0,67208,2373,315773,0,115759,0,0,0,39677,0,0,252527,307041,478788,3888,0,44,30,0,63,1,31,0,0,13,0,0,0,0,20,0,0,17,91,12,3
 E9-04M,C,M,REP, Colin,153735,214267,0,126244,25404,296646,0,70359,0,0,7401,82891,0,0,258218,302815,261350,670,0,52,63,0,93,3,39,0,11,10,0,0,0,5,31,0,0,29,110,18,1
 E9-05F,C,F,SHAM, Colin,271524,338268,0,92109,2244,131622,0,67092,0,0,0,10868,0,0,204850,542455,133146,5822,0,114,77,0,99,1,29,0,0,26,0,0,0,0,3,0,0,25,178,16,7
 E9-09M,C,M,GDX, Colin,119799,34398,0,35397,17751,83277,0,160088,0,0,621,18135,0,0,133592,179244,1011919,5779,0,41,10,0,23,4,13,0,0,11,0,0,0,1,5,0,0,9,46,10,5
 E9-11M,C,M,REP, Colin,270379,113292,0,109946,0,378508,0,27250,0,0,65328,89105,0,0,110676,255482,378511,1523,0,74,48,0,102,0,29,0,5,9,0,0,0,3,41,0,0,26,111,3,3
 E9-13M,C,M,GDX, Colin,110400,214221,0,71080,1249,122046,0,76997,0,0,0,125283,0,0,59710,339709,679220,0,0,40,40,0,63,1,31,0,0,9,0,0,0,0,30,0,0,6,91,15,0
